split,modality,metric,metric_index,relative_image_path,latitude,longitude,width_px,height_px,gsv_heading_degrees,heading_source
benchmark,gsv,safety,000,benchmark_images/safety/000_0.30_asia_western_39.448426_31.542872.jpg,39.4484262,31.5428723,512,512,201.379,selection_manifest
benchmark,gsv,safety,001,benchmark_images/safety/001_0.32_asia_southeastern_-2.963038_104.751397.jpg,-2.9630377,104.7513966,512,512,48.823,selection_manifest
benchmark,gsv,safety,002,benchmark_images/safety/002_0.41_asia_southeastern_7_15.303978_98.391082.jpg,15.3039780,98.3910823,512,512,158.552,selection_manifest
benchmark,gsv,safety,003,benchmark_images/safety/003_0.43_us_south_central_dodson_lane_35.402493_-94.276791.jpg,35.4024929,-94.2767914,512,512,97.166,selection_manifest
benchmark,gsv,safety,004,benchmark_images/safety/004_0.44_europe_northern_havnegade_55.922615_11.670648.jpg,55.9226151,11.6706482,512,512,257.287,selection_manifest
benchmark,gsv,safety,005,benchmark_images/safety/005_0.49_asia_southern_27.102465_77.616114.jpg,27.1024645,77.6161136,512,512,93.231,selection_manifest
benchmark,gsv,safety,006,benchmark_images/safety/006_0.50_south_america_eastern_-5.153586_-35.517074.jpg,-5.1535860,-35.5170738,512,512,268.93,selection_manifest
benchmark,gsv,safety,007,benchmark_images/safety/007_0.52_australia_nz_new_zealand_bartlett_road_-41.336689_173.129198.jpg,-41.3366894,173.1291979,512,512,237.33,selection_manifest
benchmark,gsv,safety,008,benchmark_images/safety/008_0.56_us_south_central_28.147406_-96.983838.jpg,28.1474057,-96.9838376,512,512,116.21,selection_manifest
benchmark,gsv,safety,009,benchmark_images/safety/009_0.63_europe_southern_calle_palomares_42.041524_-5.312287.jpg,42.0415241,-5.3122872,512,512,0.01,selection_manifest
benchmark,gsv,safety,010,benchmark_images/safety/010_0.67_asia_eastern_43.674949_141.919166.jpg,43.6749490,141.9191660,512,512,151.964,selection_manifest
benchmark,gsv,safety,011,benchmark_images/safety/011_0.67_europe_central_westmauerstra_e_54.095324_12.754375.jpg,54.0953235,12.7543751,512,512,270.442,selection_manifest
benchmark,gsv,safety,012,benchmark_images/safety/012_0.67_south_america_eastern_rua_caetano_dantas_correia_-6.483469_-36.156303.jpg,-6.4834686,-36.1563034,512,512,26.473,selection_manifest
benchmark,gsv,safety,013,benchmark_images/safety/013_0.70_asia_southern_15.907852_80.665803.jpg,15.9078520,80.6658030,512,512,148.108,selection_manifest
benchmark,gsv,safety,014,benchmark_images/safety/014_0.70_south_america_eastern_rua_sinval_solano_de_moura_-6.095114_-37.639009.jpg,-6.0951137,-37.6390086,512,512,14.478,selection_manifest
benchmark,gsv,safety,015,benchmark_images/safety/015_0.71_south_america_eastern_-16.657201_-49.390693.jpg,-16.6572012,-49.3906929,512,512,297.376,selection_manifest
benchmark,gsv,safety,016,benchmark_images/safety/016_0.72_us_midwest_88th_street_southeast_46.138747_-98.048927.jpg,46.1387467,-98.0489273,512,512,1.179,selection_manifest
benchmark,gsv,safety,017,benchmark_images/safety/017_0.76_us_south_central_25.674784_-102.975257.jpg,25.6747845,-102.9752569,512,512,205.61,selection_manifest
benchmark,gsv,safety,018,benchmark_images/safety/018_0.76_south_america_eastern_travessa_d_cimo_acaj_tiba_-12.716759_-38.331248.jpg,-12.7167592,-38.3312482,512,512,265.419,selection_manifest
benchmark,gsv,safety,019,benchmark_images/safety/019_0.77_us_south_central_25.669250_-103.008866.jpg,25.6692503,-103.0088664,512,512,185.436,selection_manifest
benchmark,gsv,safety,020,benchmark_images/safety/020_0.80_us_southeast_north_broad_street_35.918172_-76.252440.jpg,35.9181721,-76.2524396,512,512,163.039,selection_manifest
benchmark,gsv,safety,021,benchmark_images/safety/021_0.82_us_midwest_west_21st_street_43.158916_-95.146634.jpg,43.1589165,-95.1466339,512,512,186.385,selection_manifest
benchmark,gsv,safety,022,benchmark_images/safety/022_0.83_south_america_eastern_rua_tiradentes_-9.912845_-36.361580.jpg,-9.9128446,-36.3615803,512,512,335.462,selection_manifest
benchmark,gsv,safety,023,benchmark_images/safety/023_0.84_us_south_central_calle_ju_rez_25.698093_-102.948621.jpg,25.6980926,-102.9486208,512,512,80.267,selection_manifest
benchmark,gsv,safety,024,benchmark_images/safety/024_0.85_europe_central_pacsirta_utca_46.715442_20.145426.jpg,46.7154423,20.1454259,512,512,184.902,selection_manifest
benchmark,gsv,safety,025,benchmark_images/safety/025_0.87_europe_northern_boikenvej_55.984895_11.892624.jpg,55.9848947,11.8926245,512,512,317.341,selection_manifest
benchmark,gsv,safety,026,benchmark_images/safety/026_0.88_europe_western_rua_do_pinh_o_38.131337_-6.974617.jpg,38.1313366,-6.9746175,512,512,166.046,selection_manifest
benchmark,gsv,safety,027,benchmark_images/safety/027_0.89_europe_southern_39.871467_29.167711.jpg,39.8714670,29.1677114,512,512,13.457,selection_manifest
benchmark,gsv,safety,028,benchmark_images/safety/028_0.89_asia_eastern_35.715203_128.913846.jpg,35.7152029,128.9138459,512,512,131.882,selection_manifest
benchmark,gsv,safety,029,benchmark_images/safety/029_0.90_asia_eastern_35.983385_128.287297.jpg,35.9833849,128.2872968,512,512,20.141,selection_manifest
benchmark,gsv,safety,030,benchmark_images/safety/030_0.90_europe_western_carrer_de_josep_sauleda_roca_41.874070_2.036938.jpg,41.8740704,2.0369382,512,512,221.256,selection_manifest
benchmark,gsv,safety,031,benchmark_images/safety/031_0.92_asia_southern_26.493538_89.531560.jpg,26.4935381,89.5315598,512,512,173.069,selection_manifest
benchmark,gsv,safety,032,benchmark_images/safety/032_0.92_asia_eastern_33.534368_133.610472.jpg,33.5343677,133.6104725,512,512,97.507,selection_manifest
benchmark,gsv,safety,033,benchmark_images/safety/033_0.93_south_america_eastern_rua_josefa_galdino_costa_-9.901350_-36.363451.jpg,-9.9013501,-36.3634513,512,512,300.674,selection_manifest
benchmark,gsv,safety,034,benchmark_images/safety/034_0.97_south_america_southern_calle_5_-37.243569_-73.308006.jpg,-37.2435694,-73.3080057,512,512,168.877,selection_manifest
benchmark,gsv,safety,035,benchmark_images/safety/035_1.03_south_america_eastern_rua_vinte_e_nove_-8.361988_-49.184844.jpg,-8.3619885,-49.1848437,512,512,259.878,selection_manifest
benchmark,gsv,safety,036,benchmark_images/safety/036_1.04_south_america_southern_manuel_rodr_guez_-37.132727_-72.728037.jpg,-37.1327268,-72.7280366,512,512,348.113,selection_manifest
benchmark,gsv,safety,037,benchmark_images/safety/037_1.04_us_south_central_26.479542_-98.175292.jpg,26.4795424,-98.1752921,512,512,110.004,selection_manifest
benchmark,gsv,safety,038,benchmark_images/safety/038_1.07_asia_eastern_35.179697_126.636259.jpg,35.1796970,126.6362586,512,512,26.298,selection_manifest
benchmark,gsv,safety,039,benchmark_images/safety/039_1.08_europe_central_holzgraben_50.863524_9.744522.jpg,50.8635242,9.7445221,512,512,180.081,selection_manifest
benchmark,gsv,safety,040,benchmark_images/safety/040_1.12_south_america_southern_gaboto_-32.976497_-60.626584.jpg,-32.9764966,-60.6265836,512,512,347.18,selection_manifest
benchmark,gsv,safety,041,benchmark_images/safety/041_1.13_europe_western_salisbury_avenue_55.428146_-2.775235.jpg,55.4281464,-2.7752354,512,512,60.247,selection_manifest
benchmark,gsv,safety,042,benchmark_images/safety/042_1.16_us_south_central_stahl_road_33.595582_-101.752557.jpg,33.5955815,-101.7525575,512,512,0.565,selection_manifest
benchmark,gsv,safety,043,benchmark_images/safety/043_1.18_europe_western_carrer_del_pas_nou_41.932833_2.060817.jpg,41.9328333,2.0608167,512,512,281.522,selection_manifest
benchmark,gsv,safety,044,benchmark_images/safety/044_1.21_south_america_eastern_rua_pedro_sim_es_-6.482047_-36.155751.jpg,-6.4820470,-36.1557509,512,512,107.093,selection_manifest
benchmark,gsv,safety,045,benchmark_images/safety/045_1.28_europe_central_45.719043_22.310274.jpg,45.7190427,22.3102739,512,512,11.519,selection_manifest
benchmark,gsv,safety,046,benchmark_images/safety/046_1.32_asia_eastern_43.737266_141.339537.jpg,43.7372658,141.3395370,512,512,211.444,selection_manifest
benchmark,gsv,safety,047,benchmark_images/safety/047_1.37_us_south_central_33.045686_-97.305618.jpg,33.0456861,-97.3056179,512,512,264.982,selection_manifest
benchmark,gsv,safety,048,benchmark_images/safety/048_1.40_us_south_central_25.674550_-102.843207.jpg,25.6745498,-102.8432069,512,512,316.341,selection_manifest
benchmark,gsv,safety,049,benchmark_images/safety/049_1.44_us_south_central_magic_lane_26.154237_-97.961534.jpg,26.1542368,-97.9615345,512,512,271.676,selection_manifest
benchmark,gsv,safety,050,benchmark_images/safety/050_1.44_us_southeast_32.963424_-87.151111.jpg,32.9634240,-87.1511107,512,512,95.496,selection_manifest
benchmark,gsv,safety,051,benchmark_images/safety/051_1.44_asia_southern_17.929946_78.519092.jpg,17.9299460,78.5190924,512,512,90.797,selection_manifest
benchmark,gsv,safety,052,benchmark_images/safety/052_1.47_australia_nz_australia_east_cunjegong_street_-34.761757_147.857998.jpg,-34.7617573,147.8579980,512,512,210.315,selection_manifest
benchmark,gsv,safety,053,benchmark_images/safety/053_1.47_us_south_central_33.042587_-97.308034.jpg,33.0425866,-97.3080340,512,512,96.435,selection_manifest
benchmark,gsv,safety,054,benchmark_images/safety/054_1.50_asia_eastern_33.493386_133.545105.jpg,33.4933855,133.5451050,512,512,157.382,selection_manifest
benchmark,gsv,safety,055,benchmark_images/safety/055_1.50_asia_eastern_35.652387_134.826763.jpg,35.6523867,134.8267634,512,512,101.945,selection_manifest
benchmark,gsv,safety,056,benchmark_images/safety/056_1.60_us_south_central_29.240521_-100.853586.jpg,29.2405214,-100.8535857,512,512,66.287,selection_manifest
benchmark,gsv,safety,057,benchmark_images/safety/057_1.60_australia_nz_australia_east_-22.380083_143.042043.jpg,-22.3800829,143.0420435,512,512,274.32,selection_manifest
benchmark,gsv,safety,058,benchmark_images/safety/058_1.63_asia_southern_17.843257_78.967258.jpg,17.8432567,78.9672580,512,512,95.459,selection_manifest
benchmark,gsv,safety,059,benchmark_images/safety/059_1.69_us_midwest_42.843044_-103.000700.jpg,42.8430441,-103.0007000,512,512,175.233,selection_manifest
benchmark,gsv,safety,060,benchmark_images/safety/060_1.72_asia_eastern_35.210779_134.218680.jpg,35.2107791,134.2186804,512,512,348.999,selection_manifest
benchmark,gsv,safety,061,benchmark_images/safety/061_1.77_us_northeast_aberdeen_street_46.910779_-67.396816.jpg,46.9107786,-67.3968164,512,512,93.644,selection_manifest
benchmark,gsv,safety,062,benchmark_images/safety/062_1.90_us_northeast_wilson_street_39.592505_-80.247565.jpg,39.5925052,-80.2475650,512,512,180.426,selection_manifest
benchmark,gsv,safety,063,benchmark_images/safety/063_1.92_europe_southern_calle_peligro_42.032406_-5.149582.jpg,42.0324059,-5.1495824,512,512,53.131,selection_manifest
benchmark,gsv,safety,064,benchmark_images/safety/064_1.94_us_midwest_40.876047_-94.556277.jpg,40.8760471,-94.5562774,512,512,234.271,selection_manifest
benchmark,gsv,safety,065,benchmark_images/safety/065_2.01_south_america_eastern_-4.652235_-40.975965.jpg,-4.6522350,-40.9759654,512,512,227.057,selection_manifest
benchmark,gsv,safety,066,benchmark_images/safety/066_2.10_europe_central_rikvenicka_ulica_44.538971_15.389327.jpg,44.5389712,15.3893266,512,512,237.403,selection_manifest
benchmark,gsv,safety,067,benchmark_images/safety/067_2.18_australia_nz_australia_east_-15.566301_144.450028.jpg,-15.5663009,144.4500278,512,512,109.894,selection_manifest
benchmark,gsv,safety,068,benchmark_images/safety/068_2.19_australia_nz_new_zealand_sutton_road_south_-46.189718_168.620690.jpg,-46.1897177,168.6206904,512,512,166.243,selection_manifest
benchmark,gsv,safety,069,benchmark_images/safety/069_2.59_south_america_northern_eloy_alfaro_-2.921900_-78.774598.jpg,-2.9218997,-78.7745984,512,512,314.158,selection_manifest
benchmark,gsv,safety,070,benchmark_images/safety/070_2.64_australia_nz_australia_east_white_street_-34.763484_147.861265.jpg,-34.7634843,147.8612655,512,512,9.47,selection_manifest
benchmark,gsv,safety,071,benchmark_images/safety/071_2.67_asia_southeastern_12.338424_125.284162.jpg,12.3384243,125.2841623,512,512,348.932,selection_manifest
benchmark,gsv,safety,072,benchmark_images/safety/072_2.74_australia_nz_new_zealand_taupo_road_-38.883033_175.283202.jpg,-38.8830332,175.2832021,512,512,266.382,selection_manifest
benchmark,gsv,safety,073,benchmark_images/safety/073_2.82_asia_southeastern_agoncillo_street_10.207418_123.754019.jpg,10.2074182,123.7540188,512,512,133.875,selection_manifest
benchmark,gsv,safety,074,benchmark_images/safety/074_2.96_south_america_southern_8_de_octubre_-34.597259_-55.468219.jpg,-34.5972587,-55.4682189,512,512,180.037,selection_manifest
benchmark,gsv,safety,075,benchmark_images/safety/075_3.09_us_northeast_44.343990_-73.139063.jpg,44.3439897,-73.1390629,512,512,291.018,selection_manifest
benchmark,gsv,safety,076,benchmark_images/safety/076_3.11_europe_western_rue_blanche_50.611194_3.841497.jpg,50.6111937,3.8414973,512,512,169.033,selection_manifest
benchmark,gsv,safety,077,benchmark_images/safety/077_3.31_south_america_western_monse_or_esandi_-39.162080_-66.140457.jpg,-39.1620800,-66.1404571,512,512,86.161,selection_manifest
benchmark,gsv,safety,078,benchmark_images/safety/078_3.32_us_midwest_40.926417_-95.614179.jpg,40.9264174,-95.6141788,512,512,63.527,selection_manifest
benchmark,gsv,safety,079,benchmark_images/safety/079_3.37_asia_eastern_43.072380_142.829404.jpg,43.0723803,142.8294040,512,512,153.487,selection_manifest
benchmark,gsv,safety,080,benchmark_images/safety/080_3.45_us_west_avenida_paseo_del_rey_31.783800_-116.573601.jpg,31.7837999,-116.5736006,512,512,181.481,selection_manifest
benchmark,gsv,safety,081,benchmark_images/safety/081_3.57_europe_western_calle_del_ra_adero_42.537573_-6.519253.jpg,42.5375731,-6.5192529,512,512,9.848,selection_manifest
benchmark,gsv,safety,082,benchmark_images/safety/082_3.59_south_america_southern_pasaje_3_-37.248495_-73.339644.jpg,-37.2484947,-73.3396438,512,512,166.172,selection_manifest
benchmark,gsv,safety,083,benchmark_images/safety/083_3.77_europe_central_kosinjska_ulica_44.599391_15.409473.jpg,44.5993906,15.4094727,512,512,157.742,selection_manifest
benchmark,gsv,safety,084,benchmark_images/safety/084_3.87_us_southeast_church_street_31.568723_-85.249544.jpg,31.5687230,-85.2495445,512,512,180.04,selection_manifest
benchmark,gsv,safety,085,benchmark_images/safety/085_3.90_us_south_central_30.234105_-91.289331.jpg,30.2341053,-91.2893312,512,512,158.623,selection_manifest
benchmark,gsv,safety,086,benchmark_images/safety/086_3.91_south_america_eastern_rua_jos_ant_nio_carminatti_-18.995913_-40.390065.jpg,-18.9959133,-40.3900647,512,512,244.243,selection_manifest
benchmark,gsv,safety,087,benchmark_images/safety/087_3.94_us_west_north_valentine_avenue_36.741632_-119.853312.jpg,36.7416315,-119.8533121,512,512,83.961,selection_manifest
benchmark,gsv,safety,088,benchmark_images/safety/088_4.05_australia_nz_new_zealand_william_street_-41.342464_173.194596.jpg,-41.3424636,173.1945964,512,512,233.128,selection_manifest
benchmark,gsv,safety,089,benchmark_images/safety/089_4.08_us_southeast_35.099145_-90.811982.jpg,35.0991445,-90.8119821,512,512,110.127,selection_manifest
benchmark,gsv,safety,090,benchmark_images/safety/090_4.17_europe_western_carrer_de_la_mancomunitat_41.912375_2.188622.jpg,41.9123755,2.1886216,512,512,233.658,selection_manifest
benchmark,gsv,safety,091,benchmark_images/safety/0056_0.95_camden_nj_39.932265_-75.120778.jpg,39.9322650,-75.1207780,512,512,98,legacy_filename_recovery
benchmark,gsv,safety,092,benchmark_images/safety/0081_1.18_mexico_city_iztapalapa_19.351811_-99.072415.jpg,19.3518110,-99.0724150,512,512,39,legacy_filename_recovery
benchmark,gsv,safety,093,benchmark_images/safety/0082_1.19_flint_michigan_43.028216_-83.68338.jpg,43.0282160,-83.6833800,512,512,247,legacy_filename_recovery
benchmark,gsv,safety,094,benchmark_images/safety/0092_1.24_mexico_city_iztapalapa_19.338594_-99.043143.jpg,19.3385940,-99.0431430,512,512,235,legacy_filename_recovery
benchmark,gsv,safety,095,benchmark_images/safety/0147_1.84_bogota_soacha_4.593231_-74.198277.jpg,4.5932310,-74.1982770,512,512,323,legacy_filename_recovery
benchmark,gsv,safety,096,benchmark_images/safety/0172_2.14_newark_nj_40.750986_-74.171405.jpg,40.7509860,-74.1714050,512,512,303,legacy_filename_recovery
benchmark,gsv,safety,097,benchmark_images/safety/0240_2.96_flint_michigan_43.018458_-83.695301.jpg,43.0184580,-83.6953010,512,512,78,legacy_filename_recovery
benchmark,gsv,safety,098,benchmark_images/safety/0348_4.38_atlanta_suburb_33.714056_-84.461979.jpg,33.7140560,-84.4619790,512,512,117,legacy_filename_recovery
benchmark,gsv,safety,099,benchmark_images/safety/0376_4.85_baltimore_west_39.305922_-76.63757.jpg,39.3059220,-76.6375700,512,512,136,legacy_filename_recovery
benchmark,gsv,lively,100,benchmark_images/lively/100_0.28_south_america_eastern_avenida_do_com_rcio_-6.100104_-52.236709.jpg,-6.1001036,-52.2367093,512,512,239.56,selection_manifest
benchmark,gsv,lively,101,benchmark_images/lively/101_0.28_asia_southern_24.415048_90.719753.jpg,24.4150485,90.7197526,512,512,329.127,selection_manifest
benchmark,gsv,lively,102,benchmark_images/lively/102_0.29_south_america_southern_roma_-33.000440_-60.622069.jpg,-33.0004396,-60.6220695,512,512,217.299,selection_manifest
benchmark,gsv,lively,103,benchmark_images/lively/103_0.29_australia_nz_australia_east_earl_street_-26.450946_151.824289.jpg,-26.4509465,151.8242887,512,512,80.432,selection_manifest
benchmark,gsv,lively,104,benchmark_images/lively/104_0.30_us_southeast_36.342170_-78.216042.jpg,36.3421702,-78.2160415,512,512,351.344,selection_manifest
benchmark,gsv,lively,105,benchmark_images/lively/105_0.38_us_southeast_36.335187_-78.214085.jpg,36.3351870,-78.2140852,512,512,344.283,selection_manifest
benchmark,gsv,lively,106,benchmark_images/lively/106_0.40_europe_northern_55.298701_-7.172178.jpg,55.2987012,-7.1721776,512,512,148.5,selection_manifest
benchmark,gsv,lively,107,benchmark_images/lively/107_0.43_us_midwest_47.305823_-102.199997.jpg,47.3058226,-102.1999974,512,512,124.465,selection_manifest
benchmark,gsv,lively,108,benchmark_images/lively/108_0.44_south_america_eastern_rua_a_-17.881394_-45.889088.jpg,-17.8813936,-45.8890882,512,512,45.188,selection_manifest
benchmark,gsv,lively,109,benchmark_images/lively/109_0.44_europe_southern_41.471074_-6.101924.jpg,41.4710739,-6.1019244,512,512,305.964,selection_manifest
benchmark,gsv,lively,110,benchmark_images/lively/110_0.46_asia_southern_20.872758_70.720097.jpg,20.8727578,70.7200967,512,512,11.156,selection_manifest
benchmark,gsv,lively,111,benchmark_images/lively/111_0.50_south_america_western_las_calas_-33.341271_-66.347198.jpg,-33.3412715,-66.3471983,512,512,160.709,selection_manifest
benchmark,gsv,lively,112,benchmark_images/lively/112_0.50_us_midwest_43.153668_-95.150495.jpg,43.1536684,-95.1504954,512,512,331.767,selection_manifest
benchmark,gsv,lively,113,benchmark_images/lively/113_0.54_us_southeast_henry_county_37_31.634124_-85.227718.jpg,31.6341241,-85.2277183,512,512,49.539,selection_manifest
benchmark,gsv,lively,114,benchmark_images/lively/114_0.55_asia_eastern_35.549922_128.611479.jpg,35.5499218,128.6114794,512,512,185.509,selection_manifest
benchmark,gsv,lively,115,benchmark_images/lively/115_0.57_asia_southern_27.235781_77.541313.jpg,27.2357814,77.5413135,512,512,311.433,selection_manifest
benchmark,gsv,lively,116,benchmark_images/lively/116_0.58_asia_eastern_37.059462_140.386734.jpg,37.0594623,140.3867336,512,512,39.4,selection_manifest
benchmark,gsv,lively,117,benchmark_images/lively/117_0.61_south_america_eastern_rua_g_-17.882555_-45.889668.jpg,-17.8825551,-45.8896679,512,512,135.151,selection_manifest
benchmark,gsv,lively,118,benchmark_images/lively/118_0.61_australia_nz_australia_east_scully_close_-32.146759_150.361277.jpg,-32.1467588,150.3612774,512,512,3.705,selection_manifest
benchmark,gsv,lively,119,benchmark_images/lively/119_0.62_europe_eastern_57.954225_26.275934.jpg,57.9542250,26.2759341,512,512,132.883,selection_manifest
benchmark,gsv,lively,120,benchmark_images/lively/120_0.64_asia_eastern_35.604032_134.796029.jpg,35.6040315,134.7960289,512,512,185.917,selection_manifest
benchmark,gsv,lively,121,benchmark_images/lively/121_0.69_us_west_chalk_mountain_road_39.074194_-122.584353.jpg,39.0741942,-122.5843530,512,512,327.674,selection_manifest
benchmark,gsv,lively,122,benchmark_images/lively/122_0.69_europe_eastern_strada_cocorului_44.204372_27.404516.jpg,44.2043723,27.4045156,512,512,180.55,selection_manifest
benchmark,gsv,lively,123,benchmark_images/lively/123_0.69_asia_central_50.316565_57.308614.jpg,50.3165654,57.3086144,512,512,55.419,selection_manifest
benchmark,gsv,lively,124,benchmark_images/lively/124_0.71_asia_southeastern_10.617832_119.621459.jpg,10.6178319,119.6214590,512,512,111.949,selection_manifest
benchmark,gsv,lively,125,benchmark_images/lively/125_0.73_europe_southern_35.116094_26.220901.jpg,35.1160937,26.2209014,512,512,200.282,selection_manifest
benchmark,gsv,lively,126,benchmark_images/lively/126_0.73_us_south_central_south_5th_street_32.295818_-101.301802.jpg,32.2958183,-101.3018020,512,512,73.743,selection_manifest
benchmark,gsv,lively,127,benchmark_images/lively/127_0.79_us_midwest_45.521859_-102.462461.jpg,45.5218587,-102.4624613,512,512,277.868,selection_manifest
benchmark,gsv,lively,128,benchmark_images/lively/128_0.79_south_america_eastern_rua_treze_de_maio_-6.651621_-42.532992.jpg,-6.6516209,-42.5329918,512,512,353.003,selection_manifest
benchmark,gsv,lively,129,benchmark_images/lively/129_0.81_asia_eastern_36.277964_133.362749.jpg,36.2779638,133.3627491,512,512,175.64,selection_manifest
benchmark,gsv,lively,130,benchmark_images/lively/130_0.83_asia_eastern_35.390824_127.446058.jpg,35.3908238,127.4460575,512,512,3.759,selection_manifest
benchmark,gsv,lively,131,benchmark_images/lively/131_0.84_us_northeast_43.712144_-71.120487.jpg,43.7121436,-71.1204867,512,512,277.4,selection_manifest
benchmark,gsv,lively,132,benchmark_images/lively/132_0.86_south_america_western_travessa_mel_-9.938708_-67.798283.jpg,-9.9387078,-67.7982831,512,512,336.75,selection_manifest
benchmark,gsv,lively,133,benchmark_images/lively/133_0.89_us_southeast_29.601752_-90.644396.jpg,29.6017521,-90.6443965,512,512,75.92,selection_manifest
benchmark,gsv,lively,134,benchmark_images/lively/134_0.93_us_northeast_37.374210_-78.823718.jpg,37.3742099,-78.8237178,512,512,138.283,selection_manifest
benchmark,gsv,lively,135,benchmark_images/lively/135_0.94_south_america_southern_lautaro_-32.988109_-71.236385.jpg,-32.9881092,-71.2363846,512,512,73.019,selection_manifest
benchmark,gsv,lively,136,benchmark_images/lively/136_0.95_us_midwest_37.685668_-95.651508.jpg,37.6856678,-95.6515079,512,512,81.793,selection_manifest
benchmark,gsv,lively,137,benchmark_images/lively/137_0.96_us_south_central_29.243228_-100.855550.jpg,29.2432278,-100.8555496,512,512,330.048,selection_manifest
benchmark,gsv,lively,138,benchmark_images/lively/138_0.96_us_south_central_fernest_road_30.411271_-92.576451.jpg,30.4112712,-92.5764513,512,512,345.752,selection_manifest
benchmark,gsv,lively,139,benchmark_images/lively/139_0.98_europe_western_calle_junqueras_39.147733_-4.155051.jpg,39.1477332,-4.1550507,512,512,43.814,selection_manifest
benchmark,gsv,lively,140,benchmark_images/lively/140_0.99_south_america_eastern_estrada_do_curtume_-22.518486_-42.974020.jpg,-22.5184857,-42.9740202,512,512,180.552,selection_manifest
benchmark,gsv,lively,141,benchmark_images/lively/141_1.00_us_south_central_mulberry_circle_35.432991_-94.338031.jpg,35.4329906,-94.3380307,512,512,11.438,selection_manifest
benchmark,gsv,lively,142,benchmark_images/lively/142_1.05_europe_southern_41.467881_-6.176950.jpg,41.4678807,-6.1769501,512,512,262.387,selection_manifest
benchmark,gsv,lively,143,benchmark_images/lively/143_1.08_australia_nz_australia_east_-32.142549_150.360094.jpg,-32.1425491,150.3600945,512,512,250.102,selection_manifest
benchmark,gsv,lively,144,benchmark_images/lively/144_1.13_asia_western_26.578015_54.586756.jpg,26.5780148,54.5867555,512,512,344.851,selection_manifest
benchmark,gsv,lively,145,benchmark_images/lively/145_1.13_us_northeast_east_4th_street_39.527712_-80.334561.jpg,39.5277124,-80.3345610,512,512,182.266,selection_manifest
benchmark,gsv,lively,146,benchmark_images/lively/146_1.14_australia_nz_australia_south_west_north_terrace_-32.730341_138.615481.jpg,-32.7303406,138.6154808,512,512,193.14,selection_manifest
benchmark,gsv,lively,147,benchmark_images/lively/147_1.16_europe_central_osiedlowa_52.752061_15.102350.jpg,52.7520606,15.1023505,512,512,151.63,selection_manifest
benchmark,gsv,lively,148,benchmark_images/lively/148_1.16_asia_southeastern_18.244356_121.908451.jpg,18.2443557,121.9084508,512,512,266.029,selection_manifest
benchmark,gsv,lively,149,benchmark_images/lively/149_1.18_europe_central_45.521266_21.489996.jpg,45.5212662,21.4899959,512,512,346.238,selection_manifest
benchmark,gsv,lively,150,benchmark_images/lively/150_1.18_south_america_eastern_-21.854347_-51.976937.jpg,-21.8543465,-51.9769373,512,512,184.189,selection_manifest
benchmark,gsv,lively,151,benchmark_images/lively/151_1.22_europe_western_calle_el_soto_42.537163_-6.519526.jpg,42.5371632,-6.5195257,512,512,195.542,selection_manifest
benchmark,gsv,lively,152,benchmark_images/lively/152_1.22_australia_nz_australia_east_swimming_pool_road_-29.945847_151.216388.jpg,-29.9458472,151.2163881,512,512,101.836,selection_manifest
benchmark,gsv,lively,153,benchmark_images/lively/153_1.22_us_west_43.039251_-116.406729.jpg,43.0392507,-116.4067291,512,512,257.104,selection_manifest
benchmark,gsv,lively,154,benchmark_images/lively/154_1.23_south_america_eastern_rua_tertuliano_ven_ncio_dos_santos_-6.487479_-36.150078.jpg,-6.4874793,-36.1500781,512,512,70.531,selection_manifest
benchmark,gsv,lively,155,benchmark_images/lively/155_1.27_asia_southeastern_9.215976_105.698147.jpg,9.2159757,105.6981470,512,512,137.288,selection_manifest
benchmark,gsv,lively,156,benchmark_images/lively/156_1.28_us_south_central_aztec_lane_33.532412_-101.684901.jpg,33.5324120,-101.6849009,512,512,252.566,selection_manifest
benchmark,gsv,lively,157,benchmark_images/lively/157_1.31_australia_nz_australia_south_west_-31.979603_115.755191.jpg,-31.9796026,115.7551908,512,512,121.779,selection_manifest
benchmark,gsv,lively,158,benchmark_images/lively/158_1.32_europe_southern_40.935916_-1.184689.jpg,40.9359164,-1.1846891,512,512,124.016,selection_manifest
benchmark,gsv,lively,159,benchmark_images/lively/159_1.32_us_south_central_north_varnish_avenue_33.616209_-101.768202.jpg,33.6162088,-101.7682023,512,512,103.649,selection_manifest
benchmark,gsv,lively,160,benchmark_images/lively/160_1.35_asia_eastern_33.486857_133.542378.jpg,33.4868572,133.5423780,512,512,266.876,selection_manifest
benchmark,gsv,lively,161,benchmark_images/lively/161_1.36_us_west_44.713181_-119.100927.jpg,44.7131806,-119.1009270,512,512,348.0,selection_manifest
benchmark,gsv,lively,162,benchmark_images/lively/162_1.36_europe_eastern_56.260780_38.154257.jpg,56.2607798,38.1542574,512,512,41.516,selection_manifest
benchmark,gsv,lively,163,benchmark_images/lively/163_1.37_south_america_eastern_-19.539055_-40.089353.jpg,-19.5390552,-40.0893531,512,512,77.202,selection_manifest
benchmark,gsv,lively,164,benchmark_images/lively/164_1.39_asia_eastern_44.195079_143.065318.jpg,44.1950791,143.0653182,512,512,18.137,selection_manifest
benchmark,gsv,lively,165,benchmark_images/lively/165_1.59_asia_southern_25.904391_85.736144.jpg,25.9043909,85.7361443,512,512,78.058,selection_manifest
benchmark,gsv,lively,166,benchmark_images/lively/166_1.60_us_northeast_18th_street_south_44.607532_-81.274950.jpg,44.6075323,-81.2749496,512,512,196.495,selection_manifest
benchmark,gsv,lively,167,benchmark_images/lively/167_1.64_europe_eastern_strada_anton_pann_44.230783_27.545945.jpg,44.2307827,27.5459449,512,512,345.331,selection_manifest
benchmark,gsv,lively,168,benchmark_images/lively/168_1.70_south_america_western_-12.767641_-72.577557.jpg,-12.7676409,-72.5775566,512,512,322.488,selection_manifest
benchmark,gsv,lively,169,benchmark_images/lively/169_1.83_asia_eastern_35.124787_134.173703.jpg,35.1247869,134.1737026,512,512,20.22,selection_manifest
benchmark,gsv,lively,170,benchmark_images/lively/170_1.95_us_northeast_sherwood_court_43.180575_-79.033391.jpg,43.1805753,-79.0333913,512,512,152.595,selection_manifest
benchmark,gsv,lively,171,benchmark_images/lively/171_1.98_australia_nz_australia_south_west_bodmin_avenue_-31.948926_115.757293.jpg,-31.9489258,115.7572934,512,512,246.026,selection_manifest
benchmark,gsv,lively,172,benchmark_images/lively/172_2.15_europe_eastern_50.454707_21.084564.jpg,50.4547073,21.0845645,512,512,167.769,selection_manifest
benchmark,gsv,lively,173,benchmark_images/lively/173_2.17_asia_eastern_33.533491_133.670057.jpg,33.5334906,133.6700570,512,512,80.216,selection_manifest
benchmark,gsv,lively,174,benchmark_images/lively/174_2.25_asia_eastern_35.661071_134.759494.jpg,35.6610712,134.7594942,512,512,21.888,selection_manifest
benchmark,gsv,lively,175,benchmark_images/lively/175_2.28_us_west_34.171983_-119.187250.jpg,34.1719828,-119.1872497,512,512,75.117,selection_manifest
benchmark,gsv,lively,176,benchmark_images/lively/176_2.35_us_south_central_walnut_lane_32.576542_-93.729297.jpg,32.5765422,-93.7292973,512,512,346.586,selection_manifest
benchmark,gsv,lively,177,benchmark_images/lively/177_2.44_australia_nz_australia_east_mirrool_street_north_-34.814880_147.198180.jpg,-34.8148798,147.1981805,512,512,269.971,selection_manifest
benchmark,gsv,lively,178,benchmark_images/lively/178_2.46_us_midwest_37.631263_-95.630172.jpg,37.6312628,-95.6301717,512,512,198.943,selection_manifest
benchmark,gsv,lively,179,benchmark_images/lively/179_2.61_us_northeast_diamond_street_39.376536_-81.267172.jpg,39.3765359,-81.2671724,512,512,340.058,selection_manifest
benchmark,gsv,lively,180,benchmark_images/lively/180_2.62_europe_western_51.829276_-8.513019.jpg,51.8292763,-8.5130194,512,512,224.745,selection_manifest
benchmark,gsv,lively,181,benchmark_images/lively/181_2.62_europe_southern_via_pietro_micca_37.307825_13.579512.jpg,37.3078247,13.5795118,512,512,288.527,selection_manifest
benchmark,gsv,lively,182,benchmark_images/lively/182_2.72_south_america_eastern_rua_14_de_setembro_-23.251442_-48.195564.jpg,-23.2514417,-48.1955635,512,512,121.499,selection_manifest
benchmark,gsv,lively,183,benchmark_images/lively/183_2.83_asia_eastern_42.329812_140.948524.jpg,42.3298116,140.9485243,512,512,186.082,selection_manifest
benchmark,gsv,lively,184,benchmark_images/lively/184_2.84_europe_western_clawson_close_52.783193_-1.231760.jpg,52.7831931,-1.2317598,512,512,189.102,selection_manifest
benchmark,gsv,lively,185,benchmark_images/lively/185_3.95_australia_nz_australia_east_burrum_street_-25.519070_152.682685.jpg,-25.5190705,152.6826846,512,512,214.173,selection_manifest
benchmark,gsv,lively,186,benchmark_images/lively/186_3.96_south_america_eastern_avenida_jovino_luiz_da_costa_-20.031825_-49.408292.jpg,-20.0318249,-49.4082920,512,512,303.268,selection_manifest
benchmark,gsv,lively,187,benchmark_images/lively/187_4.20_us_southeast_ferry_lane_29.574902_-90.604230.jpg,29.5749022,-90.6042297,512,512,36.68,selection_manifest
benchmark,gsv,lively,188,benchmark_images/lively/188_4.25_asia_eastern_35.643025_134.902833.jpg,35.6430252,134.9028328,512,512,117.036,selection_manifest
benchmark,gsv,lively,189,benchmark_images/lively/189_4.26_us_northeast_highland_avenue_38.362640_-81.680973.jpg,38.3626401,-81.6809727,512,512,198.574,selection_manifest
benchmark,gsv,lively,190,benchmark_images/lively/0000_0.15_cleveland_east_41.482858_-81.613266.jpg,41.4828580,-81.6132660,512,512,257,legacy_filename_recovery
benchmark,gsv,lively,191,benchmark_images/lively/0003_0.29_cleveland_east_41.483426_-81.654563.jpg,41.4834260,-81.6545630,512,512,120,legacy_filename_recovery
benchmark,gsv,lively,192,benchmark_images/lively/0017_0.41_detroit_core_42.375088_-83.007768.jpg,42.3750880,-83.0077680,512,512,174,legacy_filename_recovery
benchmark,gsv,lively,193,benchmark_images/lively/0020_0.44_detroit_core_42.356125_-83.014078.jpg,42.3561250,-83.0140780,512,512,359,legacy_filename_recovery
benchmark,gsv,lively,194,benchmark_images/lively/0035_0.61_baltimore_west_39.28346_-76.631184.jpg,39.2834600,-76.6311840,512,512,91,legacy_filename_recovery
benchmark,gsv,lively,195,benchmark_images/lively/0118_1.65_phoenix_sprawl_33.400036_-112.016993.jpg,33.4000360,-112.0169930,512,512,130,legacy_filename_recovery
benchmark,gsv,lively,196,benchmark_images/lively/0171_2.21_st_louis_north_38.655129_-90.219509.jpg,38.6551290,-90.2195090,512,512,145,legacy_filename_recovery
benchmark,gsv,lively,197,benchmark_images/lively/0220_2.76_atlanta_suburb_33.773723_-84.464898.jpg,33.7737230,-84.4648980,512,512,92,legacy_filename_recovery
benchmark,gsv,lively,198,benchmark_images/lively/0249_3.07_manchester_east_53.487527_-2.138194.jpg,53.4875270,-2.1381940,512,512,163,legacy_filename_recovery
benchmark,gsv,lively,199,benchmark_images/lively/0304_3.67_atlanta_suburb_33.774327_-84.417054.jpg,33.7743270,-84.4170540,512,512,136,legacy_filename_recovery
benchmark,gsv,beautiful,200,benchmark_images/beautiful/200_0.34_asia_southern_12.010036_76.408575.jpg,12.0100359,76.4085754,512,512,101.842,selection_manifest
benchmark,gsv,beautiful,201,benchmark_images/beautiful/201_0.35_us_south_central_25.658340_-103.008906.jpg,25.6583399,-103.0089061,512,512,273.303,selection_manifest
benchmark,gsv,beautiful,202,benchmark_images/beautiful/202_0.38_us_south_central_25.675092_-102.843878.jpg,25.6750919,-102.8438776,512,512,216.608,selection_manifest
benchmark,gsv,beautiful,203,benchmark_images/beautiful/203_0.41_europe_eastern_45.039537_21.391402.jpg,45.0395367,21.3914025,512,512,156.016,selection_manifest
benchmark,gsv,beautiful,204,benchmark_images/beautiful/204_0.42_us_west_privada_de_vallecitos_31.785517_-116.574755.jpg,31.7855168,-116.5747553,512,512,266.097,selection_manifest
benchmark,gsv,beautiful,205,benchmark_images/beautiful/205_0.43_europe_western_carrer_de_l_ateneu_musical_39.161965_-0.251859.jpg,39.1619652,-0.2518589,512,512,268.684,selection_manifest
benchmark,gsv,beautiful,206,benchmark_images/beautiful/206_0.43_south_america_eastern_rua_do_ndio_-12.718231_-38.336442.jpg,-12.7182315,-38.3364424,512,512,359.394,selection_manifest
benchmark,gsv,beautiful,207,benchmark_images/beautiful/207_0.44_south_america_eastern_rua_presidente_jo_o_pessoa_-6.485569_-36.153980.jpg,-6.4855690,-36.1539802,512,512,87.321,selection_manifest
benchmark,gsv,beautiful,208,benchmark_images/beautiful/208_0.47_europe_southern_40.935610_24.413761.jpg,40.9356105,24.4137608,512,512,48.171,selection_manifest
benchmark,gsv,beautiful,209,benchmark_images/beautiful/209_0.48_asia_southern_17.928876_78.520141.jpg,17.9288758,78.5201405,512,512,86.253,selection_manifest
benchmark,gsv,beautiful,210,benchmark_images/beautiful/210_0.52_south_america_eastern_avenida_germano_nogueira_-20.949025_-43.810433.jpg,-20.9490250,-43.8104326,512,512,109.758,selection_manifest
benchmark,gsv,beautiful,211,benchmark_images/beautiful/211_0.56_south_america_eastern_rua_sebasti_o_lima_-18.997514_-40.390390.jpg,-18.9975136,-40.3903902,512,512,53.053,selection_manifest
benchmark,gsv,beautiful,212,benchmark_images/beautiful/212_0.60_asia_eastern_35.922064_139.812382.jpg,35.9220642,139.8123820,512,512,157.861,selection_manifest
benchmark,gsv,beautiful,213,benchmark_images/beautiful/213_0.61_south_america_southern_-32.998204_-60.620260.jpg,-32.9982041,-60.6202598,512,512,317.958,selection_manifest
benchmark,gsv,beautiful,214,benchmark_images/beautiful/214_0.62_europe_western_plaza_mayor_39.146743_-4.153701.jpg,39.1467427,-4.1537011,512,512,41.619,selection_manifest
benchmark,gsv,beautiful,215,benchmark_images/beautiful/215_0.68_europe_western_calle_sol_37.123556_-4.866893.jpg,37.1235559,-4.8668928,512,512,227.985,selection_manifest
benchmark,gsv,beautiful,216,benchmark_images/beautiful/216_0.69_south_america_eastern_rua_joventino_ferreira_de_medeiros_-6.488336_-36.146506.jpg,-6.4883360,-36.1465063,512,512,290.956,selection_manifest
benchmark,gsv,beautiful,217,benchmark_images/beautiful/217_0.71_asia_eastern_35.942044_128.316505.jpg,35.9420436,128.3165053,512,512,322.73,selection_manifest
benchmark,gsv,beautiful,218,benchmark_images/beautiful/218_0.74_south_america_eastern_rua_guarani_-12.718793_-38.333100.jpg,-12.7187934,-38.3330999,512,512,355.954,selection_manifest
benchmark,gsv,beautiful,219,benchmark_images/beautiful/219_0.77_us_south_central_canal_drive_28.782629_-95.592146.jpg,28.7826290,-95.5921461,512,512,234.852,selection_manifest
benchmark,gsv,beautiful,220,benchmark_images/beautiful/220_0.85_us_west_34.172092_-119.186339.jpg,34.1720919,-119.1863388,512,512,96.781,selection_manifest
benchmark,gsv,beautiful,221,benchmark_images/beautiful/221_0.85_us_west_valle_de_guadalupe_31.786254_-116.568343.jpg,31.7862539,-116.5683431,512,512,164.462,selection_manifest
benchmark,gsv,beautiful,222,benchmark_images/beautiful/222_0.89_us_west_34.201080_-119.177954.jpg,34.2010801,-119.1779545,512,512,2.609,selection_manifest
benchmark,gsv,beautiful,223,benchmark_images/beautiful/223_0.91_south_america_western_pasaje_los_reyes_-13.672657_-76.158752.jpg,-13.6726575,-76.1587516,512,512,217.69,selection_manifest
benchmark,gsv,beautiful,224,benchmark_images/beautiful/224_0.95_asia_southern_20.199437_76.494049.jpg,20.1994365,76.4940491,512,512,256.672,selection_manifest
benchmark,gsv,beautiful,225,benchmark_images/beautiful/225_0.95_us_west_calle_versalles_31.795989_-116.584037.jpg,31.7959887,-116.5840370,512,512,247.166,selection_manifest
benchmark,gsv,beautiful,226,benchmark_images/beautiful/226_0.96_us_midwest_42.837528_-103.000073.jpg,42.8375284,-103.0000728,512,512,270.884,selection_manifest
benchmark,gsv,beautiful,227,benchmark_images/beautiful/227_0.99_europe_eastern_strada_alecu_russo_45.842201_27.434341.jpg,45.8422007,27.4343414,512,512,257.586,selection_manifest
benchmark,gsv,beautiful,228,benchmark_images/beautiful/228_1.00_asia_southern_23.718478_84.572997.jpg,23.7184777,84.5729966,512,512,185.847,selection_manifest
benchmark,gsv,beautiful,229,benchmark_images/beautiful/229_1.01_europe_western_ara_a_kalea_42.908429_-2.064339.jpg,42.9084287,-2.0643394,512,512,184.197,selection_manifest
benchmark,gsv,beautiful,230,benchmark_images/beautiful/230_1.01_asia_southern_22.887937_88.421318.jpg,22.8879374,88.4213181,512,512,198.312,selection_manifest
benchmark,gsv,beautiful,231,benchmark_images/beautiful/231_1.04_asia_southern_17.928728_78.897239.jpg,17.9287276,78.8972386,512,512,337.27,selection_manifest
benchmark,gsv,beautiful,232,benchmark_images/beautiful/232_1.05_asia_western_37.726729_28.605142.jpg,37.7267293,28.6051419,512,512,219.692,selection_manifest
benchmark,gsv,beautiful,233,benchmark_images/beautiful/233_1.19_europe_southern_strada_mitropolit_filaret_45.108828_24.376604.jpg,45.1088278,24.3766036,512,512,96.298,selection_manifest
benchmark,gsv,beautiful,234,benchmark_images/beautiful/234_1.21_south_america_western_-12.767338_-72.574550.jpg,-12.7673384,-72.5745503,512,512,225.088,selection_manifest
benchmark,gsv,beautiful,235,benchmark_images/beautiful/235_1.26_us_south_central_28.141273_-96.977049.jpg,28.1412729,-96.9770488,512,512,203.205,selection_manifest
benchmark,gsv,beautiful,236,benchmark_images/beautiful/236_1.27_south_america_eastern_pra_a_da_bandeira_-12.001333_-42.625772.jpg,-12.0013331,-42.6257723,512,512,350.467,selection_manifest
benchmark,gsv,beautiful,237,benchmark_images/beautiful/237_1.32_australia_nz_australia_east_bailey_court_-38.366023_141.621722.jpg,-38.3660226,141.6217219,512,512,63.345,selection_manifest
benchmark,gsv,beautiful,238,benchmark_images/beautiful/238_1.33_europe_western_calle_castilla_la_mancha_39.150211_-4.153763.jpg,39.1502111,-4.1537626,512,512,5.048,selection_manifest
benchmark,gsv,beautiful,239,benchmark_images/beautiful/239_1.38_europe_western_calle_g_37.231457_-4.899708.jpg,37.2314574,-4.8997084,512,512,131.832,selection_manifest
benchmark,gsv,beautiful,240,benchmark_images/beautiful/240_1.39_europe_western_calle_la_cruz_37.124129_-4.870410.jpg,37.1241290,-4.8704100,512,512,71.956,selection_manifest
benchmark,gsv,beautiful,241,benchmark_images/beautiful/241_1.46_asia_southeastern_benda_timur_4_-6.333352_106.710546.jpg,-6.3333521,106.7105458,512,512,198.927,selection_manifest
benchmark,gsv,beautiful,242,benchmark_images/beautiful/242_1.47_europe_western_arrotzape_kalea_42.908124_-2.066289.jpg,42.9081242,-2.0662886,512,512,187.081,selection_manifest
benchmark,gsv,beautiful,243,benchmark_images/beautiful/243_1.50_us_south_central_south_6th_street_35.435264_-94.353730.jpg,35.4352641,-94.3537301,512,512,45.108,selection_manifest
benchmark,gsv,beautiful,244,benchmark_images/beautiful/244_1.54_us_midwest_42.829558_-103.002795.jpg,42.8295584,-103.0027954,512,512,294.532,selection_manifest
benchmark,gsv,beautiful,245,benchmark_images/beautiful/245_1.55_australia_nz_australia_east_-22.380760_143.046827.jpg,-22.3807597,143.0468273,512,512,84.095,selection_manifest
benchmark,gsv,beautiful,246,benchmark_images/beautiful/246_1.55_us_midwest_36.244347_-84.670263.jpg,36.2443467,-84.6702626,512,512,201.139,selection_manifest
benchmark,gsv,beautiful,247,benchmark_images/beautiful/247_1.56_australia_nz_australia_east_baynes_street_-26.318665_151.877893.jpg,-26.3186654,151.8778926,512,512,136.462,selection_manifest
benchmark,gsv,beautiful,248,benchmark_images/beautiful/248_1.58_us_southeast_black_dog_lane_35.538877_-75.475113.jpg,35.5388766,-75.4751131,512,512,7.519,selection_manifest
benchmark,gsv,beautiful,249,benchmark_images/beautiful/249_1.62_asia_eastern_34.978915_127.581900.jpg,34.9789152,127.5818995,512,512,266.894,selection_manifest
benchmark,gsv,beautiful,250,benchmark_images/beautiful/250_1.63_us_midwest_36.443831_-82.270928.jpg,36.4438313,-82.2709278,512,512,40.866,selection_manifest
benchmark,gsv,beautiful,251,benchmark_images/beautiful/251_1.64_asia_southeastern_3_15.302607_98.390749.jpg,15.3026069,98.3907487,512,512,75.768,selection_manifest
benchmark,gsv,beautiful,252,benchmark_images/beautiful/252_1.64_australia_nz_australia_east_weblands_street_-32.715861_151.529573.jpg,-32.7158608,151.5295727,512,512,261.043,selection_manifest
benchmark,gsv,beautiful,253,benchmark_images/beautiful/253_1.65_south_america_northern_miguel_angel_marin_-2.920313_-78.773518.jpg,-2.9203126,-78.7735181,512,512,313.099,selection_manifest
benchmark,gsv,beautiful,254,benchmark_images/beautiful/254_1.67_us_south_central_larkin_street_32.687758_-93.739383.jpg,32.6877583,-93.7393825,512,512,351.419,selection_manifest
benchmark,gsv,beautiful,255,benchmark_images/beautiful/255_1.70_europe_western_carretera_de_caravaca_38.148215_-2.299132.jpg,38.1482149,-2.2991318,512,512,230.271,selection_manifest
benchmark,gsv,beautiful,256,benchmark_images/beautiful/256_1.72_asia_southeastern_22.942745_105.674362.jpg,22.9427452,105.6743621,512,512,307.587,selection_manifest
benchmark,gsv,beautiful,257,benchmark_images/beautiful/257_1.78_us_west_34.206949_-119.187498.jpg,34.2069491,-119.1874976,512,512,285.499,selection_manifest
benchmark,gsv,beautiful,258,benchmark_images/beautiful/258_1.91_asia_southern_26.482566_77.981857.jpg,26.4825659,77.9818566,512,512,339.883,selection_manifest
benchmark,gsv,beautiful,259,benchmark_images/beautiful/259_1.92_us_southeast_34.894190_-87.513870.jpg,34.8941901,-87.5138697,512,512,249.543,selection_manifest
benchmark,gsv,beautiful,260,benchmark_images/beautiful/260_1.95_south_america_eastern_rua_capitulino_francisco_praxedes_-6.077729_-37.716618.jpg,-6.0777290,-37.7166177,512,512,134.827,selection_manifest
benchmark,gsv,beautiful,261,benchmark_images/beautiful/261_1.99_asia_eastern_35.672790_128.957648.jpg,35.6727895,128.9576484,512,512,280.769,selection_manifest
benchmark,gsv,beautiful,262,benchmark_images/beautiful/262_2.03_australia_nz_new_zealand_bond_road_-37.200022_175.875763.jpg,-37.2000219,175.8757632,512,512,304.638,selection_manifest
benchmark,gsv,beautiful,263,benchmark_images/beautiful/263_2.16_asia_eastern_35.988639_139.810446.jpg,35.9886393,139.8104455,512,512,348.77,selection_manifest
benchmark,gsv,beautiful,264,benchmark_images/beautiful/264_2.20_us_south_central_east_brookhollow_33.532625_-101.682402.jpg,33.5326248,-101.6824016,512,512,118.243,selection_manifest
benchmark,gsv,beautiful,265,benchmark_images/beautiful/265_2.23_europe_central_50.470068_19.236022.jpg,50.4700679,19.2360221,512,512,54.162,selection_manifest
benchmark,gsv,beautiful,266,benchmark_images/beautiful/266_2.39_us_west_avenida_villalba_31.782748_-116.570433.jpg,31.7827482,-116.5704331,512,512,134.888,selection_manifest
benchmark,gsv,beautiful,267,benchmark_images/beautiful/267_2.43_europe_western_sedgebrook_gardens_50.868222_0.572073.jpg,50.8682223,0.5720731,512,512,288.255,selection_manifest
benchmark,gsv,beautiful,268,benchmark_images/beautiful/268_2.44_asia_eastern_33.536123_133.609978.jpg,33.5361226,133.6099780,512,512,185.85,selection_manifest
benchmark,gsv,beautiful,269,benchmark_images/beautiful/269_2.47_south_america_eastern_rua_sete_de_setembro_-21.555135_-47.698419.jpg,-21.5551352,-47.6984186,512,512,242.656,selection_manifest
benchmark,gsv,beautiful,270,benchmark_images/beautiful/270_2.49_us_west_calle_santander_31.781705_-116.572368.jpg,31.7817051,-116.5723684,512,512,93.855,selection_manifest
benchmark,gsv,beautiful,271,benchmark_images/beautiful/271_2.53_australia_nz_australia_east_dickson_street_-24.832472_143.058803.jpg,-24.8324716,143.0588034,512,512,184.154,selection_manifest
benchmark,gsv,beautiful,272,benchmark_images/beautiful/272_2.56_us_northeast_1st_street_39.755657_-79.091108.jpg,39.7556569,-79.0911078,512,512,270.748,selection_manifest
benchmark,gsv,beautiful,273,benchmark_images/beautiful/273_2.71_australia_nz_new_zealand_roslyn_street_-38.867919_175.259976.jpg,-38.8679194,175.2599755,512,512,149.528,selection_manifest
benchmark,gsv,beautiful,274,benchmark_images/beautiful/274_2.90_europe_western_ugalde_kalea_42.907687_-2.065870.jpg,42.9076873,-2.0658698,512,512,80.922,selection_manifest
benchmark,gsv,beautiful,275,benchmark_images/beautiful/275_2.91_us_southeast_29.591914_-90.740264.jpg,29.5919144,-90.7402640,512,512,308.478,selection_manifest
benchmark,gsv,beautiful,276,benchmark_images/beautiful/276_3.06_australia_nz_australia_east_richard_street_-25.529154_152.679883.jpg,-25.5291543,152.6798826,512,512,247.302,selection_manifest
benchmark,gsv,beautiful,277,benchmark_images/beautiful/277_3.18_europe_eastern_strada_r_s_ritului_44.201368_27.392221.jpg,44.2013681,27.3922209,512,512,77.991,selection_manifest
benchmark,gsv,beautiful,278,benchmark_images/beautiful/278_3.19_us_midwest_41.890767_-93.531350.jpg,41.8907671,-93.5313500,512,512,346.242,selection_manifest
benchmark,gsv,beautiful,279,benchmark_images/beautiful/279_3.30_us_west_34.171652_-119.190427.jpg,34.1716517,-119.1904275,512,512,106.593,selection_manifest
benchmark,gsv,beautiful,280,benchmark_images/beautiful/280_3.70_south_america_eastern_rua_luzia_otilia_bezerra_-6.216793_-36.021627.jpg,-6.2167929,-36.0216269,512,512,236.34,selection_manifest
benchmark,gsv,beautiful,281,benchmark_images/beautiful/281_3.93_us_west_j_street_34.186475_-119.171956.jpg,34.1864748,-119.1719562,512,512,169.761,selection_manifest
benchmark,gsv,beautiful,282,benchmark_images/beautiful/282_4.14_europe_western_rue_de_la_fontaine_49.775066_2.173406.jpg,49.7750657,2.1734059,512,512,348.672,selection_manifest
benchmark,gsv,beautiful,283,benchmark_images/beautiful/283_4.24_europe_western_plaza_garc_a_rey_42.537996_-6.520298.jpg,42.5379964,-6.5202978,512,512,27.354,selection_manifest
benchmark,gsv,beautiful,284,benchmark_images/beautiful/284_4.29_australia_nz_australia_east_canna_street_-32.706112_151.578736.jpg,-32.7061117,151.5787362,512,512,241.561,selection_manifest
benchmark,gsv,beautiful,285,benchmark_images/beautiful/285_4.36_asia_southeastern_general_luna_street_10.208992_123.756877.jpg,10.2089918,123.7568771,512,512,220.219,selection_manifest
benchmark,gsv,beautiful,286,benchmark_images/beautiful/286_4.37_us_northeast_erie_street_42.949010_-81.879104.jpg,42.9490101,-81.8791042,512,512,191.469,selection_manifest
benchmark,gsv,beautiful,287,benchmark_images/beautiful/287_4.56_south_america_southern_joaqu_n_v_gonz_lez_-31.343213_-66.595950.jpg,-31.3432129,-66.5959500,512,512,79.885,selection_manifest
benchmark,gsv,beautiful,288,benchmark_images/beautiful/288_4.73_asia_western_37.730673_28.603465.jpg,37.7306732,28.6034648,512,512,329.343,selection_manifest
benchmark,gsv,beautiful,289,benchmark_images/beautiful/289_4.73_asia_eastern_4_34.965632_127.571979.jpg,34.9656323,127.5719791,512,512,134.851,selection_manifest
benchmark,gsv,beautiful,290,benchmark_images/beautiful/0002_0.18_charleroi_belgium_50.408763_4.436491.jpg,50.4087630,4.4364910,512,512,275,legacy_filename_recovery
benchmark,gsv,beautiful,291,benchmark_images/beautiful/0003_0.18_sao_paulo_periphery_-23.558177_-46.609469.jpg,-23.5581770,-46.6094690,512,512,75,legacy_filename_recovery
benchmark,gsv,beautiful,292,benchmark_images/beautiful/0012_0.30_kyiv_obolon_50.5288_30.497712.jpg,50.5288000,30.4977120,512,512,100,legacy_filename_recovery
benchmark,gsv,beautiful,293,benchmark_images/beautiful/0019_0.37_bogota_soacha_4.595769_-74.180653.jpg,4.5957690,-74.1806530,512,512,278,legacy_filename_recovery
benchmark,gsv,beautiful,294,benchmark_images/beautiful/0214_2.39_newark_nj_40.743684_-74.156777.jpg,40.7436840,-74.1567770,512,512,124,legacy_filename_recovery
benchmark,gsv,beautiful,295,benchmark_images/beautiful/0215_2.40_las_vegas_suburb_36.139427_-115.202293.jpg,36.1394270,-115.2022930,512,512,305,legacy_filename_recovery
benchmark,gsv,beautiful,296,benchmark_images/beautiful/0217_2.42_camden_nj_39.936176_-75.120268.jpg,39.9361760,-75.1202680,512,512,339,legacy_filename_recovery
benchmark,gsv,beautiful,297,benchmark_images/beautiful/0218_2.42_baltimore_west_39.284776_-76.641949.jpg,39.2847760,-76.6419490,512,512,195,legacy_filename_recovery
benchmark,gsv,beautiful,298,benchmark_images/beautiful/0324_4.05_cleveland_east_41.487009_-81.645321.jpg,41.4870090,-81.6453210,512,512,236,legacy_filename_recovery
benchmark,gsv,beautiful,299,benchmark_images/beautiful/0326_4.08_chicago_west_41.871431_-87.707989.jpg,41.8714310,-87.7079890,512,512,93,legacy_filename_recovery
benchmark,gsv,wealthy,300,benchmark_images/wealthy/300_0.30_europe_southern_42.059289_-5.232458.jpg,42.0592891,-5.2324582,512,512,69.2,selection_manifest
benchmark,gsv,wealthy,301,benchmark_images/wealthy/301_0.34_south_america_eastern_-13.278473_-41.391406.jpg,-13.2784729,-41.3914063,512,512,182.394,selection_manifest
benchmark,gsv,wealthy,302,benchmark_images/wealthy/302_0.39_asia_southeastern_12.874351_124.009629.jpg,12.8743507,124.0096286,512,512,278.41,selection_manifest
benchmark,gsv,wealthy,303,benchmark_images/wealthy/303_0.41_us_west_34.194638_-119.185550.jpg,34.1946376,-119.1855497,512,512,283.096,selection_manifest
benchmark,gsv,wealthy,304,benchmark_images/wealthy/304_0.45_south_america_eastern_rua_santa_terezinha_-6.099311_-37.639663.jpg,-6.0993109,-37.6396634,512,512,104.881,selection_manifest
benchmark,gsv,wealthy,305,benchmark_images/wealthy/305_0.52_europe_southern_calle_palacio_42.006752_-5.286439.jpg,42.0067519,-5.2864393,512,512,345.859,selection_manifest
benchmark,gsv,wealthy,306,benchmark_images/wealthy/306_0.53_south_america_eastern_rua_jos_aloisio_brand_o_vilela_-9.909635_-36.356597.jpg,-9.9096347,-36.3565966,512,512,332.597,selection_manifest
benchmark,gsv,wealthy,307,benchmark_images/wealthy/307_0.54_europe_eastern_strada_cimitirului_44.017919_23.541340.jpg,44.0179185,23.5413401,512,512,198.642,selection_manifest
benchmark,gsv,wealthy,308,benchmark_images/wealthy/308_0.57_asia_western_37.277193_28.105169.jpg,37.2771930,28.1051693,512,512,287.31,selection_manifest
benchmark,gsv,wealthy,309,benchmark_images/wealthy/309_0.58_south_america_eastern_rua_espinelio_-19.186724_-41.466262.jpg,-19.1867241,-41.4662620,512,512,357.203,selection_manifest
benchmark,gsv,wealthy,310,benchmark_images/wealthy/310_0.59_europe_southern_40.935393_-1.183521.jpg,40.9353928,-1.1835214,512,512,54.195,selection_manifest
benchmark,gsv,wealthy,311,benchmark_images/wealthy/311_0.60_europe_western_pla_a_de_catalunya_41.932840_2.059702.jpg,41.9328402,2.0597020,512,512,215.978,selection_manifest
benchmark,gsv,wealthy,312,benchmark_images/wealthy/312_0.61_us_west_39.074892_-122.597545.jpg,39.0748920,-122.5975445,512,512,195.37,selection_manifest
benchmark,gsv,wealthy,313,benchmark_images/wealthy/313_0.61_south_america_eastern_rua_17_de_julho_-6.486379_-36.152653.jpg,-6.4863793,-36.1526527,512,512,253.299,selection_manifest
benchmark,gsv,wealthy,314,benchmark_images/wealthy/314_0.63_south_america_eastern_rua_jos_martins_j_nior_-21.835034_-51.988726.jpg,-21.8350345,-51.9887264,512,512,313.784,selection_manifest
benchmark,gsv,wealthy,315,benchmark_images/wealthy/315_0.64_south_america_northern_-10.174579_-77.335857.jpg,-10.1745791,-77.3358569,512,512,214.35,selection_manifest
benchmark,gsv,wealthy,316,benchmark_images/wealthy/316_0.68_south_america_eastern_rua_emilia_braun_boni_-19.003060_-40.387235.jpg,-19.0030603,-40.3872347,512,512,320.916,selection_manifest
benchmark,gsv,wealthy,317,benchmark_images/wealthy/317_0.81_europe_central_50.108928_18.082808.jpg,50.1089276,18.0828079,512,512,13.992,selection_manifest
benchmark,gsv,wealthy,318,benchmark_images/wealthy/318_0.82_europe_southern_39.845735_29.273437.jpg,39.8457349,29.2734371,512,512,24.643,selection_manifest
benchmark,gsv,wealthy,319,benchmark_images/wealthy/319_0.85_asia_southern_20.885501_70.697293.jpg,20.8855005,70.6972932,512,512,4.22,selection_manifest
benchmark,gsv,wealthy,320,benchmark_images/wealthy/320_0.85_asia_eastern_35.327980_139.099243.jpg,35.3279804,139.0992428,512,512,119.115,selection_manifest
benchmark,gsv,wealthy,321,benchmark_images/wealthy/321_0.91_australia_nz_new_zealand_-38.883175_175.257556.jpg,-38.8831751,175.2575561,512,512,281.545,selection_manifest
benchmark,gsv,wealthy,322,benchmark_images/wealthy/322_0.91_us_west_34.224991_-119.175331.jpg,34.2249908,-119.1753305,512,512,174.308,selection_manifest
benchmark,gsv,wealthy,323,benchmark_images/wealthy/323_0.92_europe_western_camino_ocho_42.519775_-6.478240.jpg,42.5197754,-6.4782400,512,512,269.412,selection_manifest
benchmark,gsv,wealthy,324,benchmark_images/wealthy/324_0.95_asia_southern_24.272299_78.367909.jpg,24.2722993,78.3679091,512,512,158.436,selection_manifest
benchmark,gsv,wealthy,325,benchmark_images/wealthy/325_0.96_europe_southern_rua_dos_carros_40.438932_-7.310719.jpg,40.4389318,-7.3107190,512,512,91.652,selection_manifest
benchmark,gsv,wealthy,326,benchmark_images/wealthy/326_0.96_europe_western_largo_de_s_o_sebasti_o_38.130201_-6.974724.jpg,38.1302011,-6.9747237,512,512,111.576,selection_manifest
benchmark,gsv,wealthy,327,benchmark_images/wealthy/327_0.97_south_america_eastern_rua_luciano_andrade_peixoto_-21.695451_-45.261060.jpg,-21.6954514,-45.2610597,512,512,263.234,selection_manifest
benchmark,gsv,wealthy,328,benchmark_images/wealthy/328_0.99_asia_southern_25.677357_75.710148.jpg,25.6773567,75.7101477,512,512,68.632,selection_manifest
benchmark,gsv,wealthy,329,benchmark_images/wealthy/329_1.05_asia_eastern_42.681802_139.910836.jpg,42.6818020,139.9108365,512,512,349.48,selection_manifest
benchmark,gsv,wealthy,330,benchmark_images/wealthy/330_1.07_us_northeast_main_street_46.901113_-67.395127.jpg,46.9011125,-67.3951266,512,512,279.624,selection_manifest
benchmark,gsv,wealthy,331,benchmark_images/wealthy/331_1.09_asia_southern_25.896041_85.765036.jpg,25.8960410,85.7650360,512,512,176.671,selection_manifest
benchmark,gsv,wealthy,332,benchmark_images/wealthy/332_1.14_europe_western_38.205323_-2.155171.jpg,38.2053233,-2.1551710,512,512,26.179,selection_manifest
benchmark,gsv,wealthy,333,benchmark_images/wealthy/333_1.19_south_america_northern_luis_r_os_rodr_guez_-2.890455_-78.781417.jpg,-2.8904547,-78.7814168,512,512,275.512,selection_manifest
benchmark,gsv,wealthy,334,benchmark_images/wealthy/334_1.21_asia_southern_26.486697_77.984809.jpg,26.4866974,77.9848091,512,512,230.26,selection_manifest
benchmark,gsv,wealthy,335,benchmark_images/wealthy/335_1.22_asia_southeastern_22.947514_105.677907.jpg,22.9475144,105.6779071,512,512,151.506,selection_manifest
benchmark,gsv,wealthy,336,benchmark_images/wealthy/336_1.22_asia_western_39.448958_31.537669.jpg,39.4489585,31.5376687,512,512,202.938,selection_manifest
benchmark,gsv,wealthy,337,benchmark_images/wealthy/337_1.23_south_america_eastern_rua_rio_grande_do_norte_-21.554835_-47.711808.jpg,-21.5548352,-47.7118079,512,512,239.737,selection_manifest
benchmark,gsv,wealthy,338,benchmark_images/wealthy/338_1.25_australia_nz_australia_east_woongool_road_-25.568248_152.707080.jpg,-25.5682475,152.7070802,512,512,305.173,selection_manifest
benchmark,gsv,wealthy,339,benchmark_images/wealthy/339_1.25_us_southeast_35.539475_-75.473305.jpg,35.5394746,-75.4733054,512,512,199.251,selection_manifest
benchmark,gsv,wealthy,340,benchmark_images/wealthy/340_1.26_asia_southeastern_-2.583418_106.657136.jpg,-2.5834177,106.6571361,512,512,190.379,selection_manifest
benchmark,gsv,wealthy,341,benchmark_images/wealthy/341_1.27_us_northeast_grand_sapp_lane_38.848365_-80.484797.jpg,38.8483653,-80.4847974,512,512,328.65,selection_manifest
benchmark,gsv,wealthy,342,benchmark_images/wealthy/342_1.34_us_west_47.236402_-123.954138.jpg,47.2364016,-123.9541384,512,512,308.79,selection_manifest
benchmark,gsv,wealthy,343,benchmark_images/wealthy/343_1.35_asia_eastern_8_34.968567_127.584351.jpg,34.9685668,127.5843512,512,512,38.792,selection_manifest
benchmark,gsv,wealthy,344,benchmark_images/wealthy/344_1.38_us_south_central_maid_marion_drive_28.830228_-95.673006.jpg,28.8302278,-95.6730064,512,512,25.036,selection_manifest
benchmark,gsv,wealthy,345,benchmark_images/wealthy/345_1.43_us_midwest_38.581003_-82.848747.jpg,38.5810028,-82.8487473,512,512,121.732,selection_manifest
benchmark,gsv,wealthy,346,benchmark_images/wealthy/346_1.46_asia_western_39.610623_39.832452.jpg,39.6106233,39.8324517,512,512,103.971,selection_manifest
benchmark,gsv,wealthy,347,benchmark_images/wealthy/347_1.50_europe_southern_39.891544_29.275580.jpg,39.8915438,29.2755802,512,512,115.813,selection_manifest
benchmark,gsv,wealthy,348,benchmark_images/wealthy/348_1.52_us_midwest_38.678750_-82.924666.jpg,38.6787501,-82.9246663,512,512,171.656,selection_manifest
benchmark,gsv,wealthy,349,benchmark_images/wealthy/349_1.62_us_south_central_1st_avenue_26.410294_-98.136929.jpg,26.4102943,-98.1369291,512,512,105.042,selection_manifest
benchmark,gsv,wealthy,350,benchmark_images/wealthy/350_1.78_asia_southeastern_10.206997_123.757489.jpg,10.2069971,123.7574885,512,512,33.216,selection_manifest
benchmark,gsv,wealthy,351,benchmark_images/wealthy/351_1.85_us_south_central_32.753640_-93.834213.jpg,32.7536396,-93.8342135,512,512,352.919,selection_manifest
benchmark,gsv,wealthy,352,benchmark_images/wealthy/352_1.87_europe_central_46.283118_14.688440.jpg,46.2831177,14.6884399,512,512,253.498,selection_manifest
benchmark,gsv,wealthy,353,benchmark_images/wealthy/353_1.88_south_america_eastern_-6.032259_-47.928601.jpg,-6.0322588,-47.9286011,512,512,240.876,selection_manifest
benchmark,gsv,wealthy,354,benchmark_images/wealthy/354_1.89_europe_eastern_54.822231_39.702808.jpg,54.8222309,39.7028078,512,512,76.357,selection_manifest
benchmark,gsv,wealthy,355,benchmark_images/wealthy/355_1.90_us_midwest_45.156215_-85.573377.jpg,45.1562150,-85.5733765,512,512,83.313,selection_manifest
benchmark,gsv,wealthy,356,benchmark_images/wealthy/356_1.95_australia_nz_new_zealand_windleborn_place_-41.351823_173.196543.jpg,-41.3518235,173.1965433,512,512,69.722,selection_manifest
benchmark,gsv,wealthy,357,benchmark_images/wealthy/357_2.04_asia_southern_24.641519_77.293930.jpg,24.6415193,77.2939303,512,512,5.368,selection_manifest
benchmark,gsv,wealthy,358,benchmark_images/wealthy/358_2.06_asia_southern_14.311582_77.505828.jpg,14.3115823,77.5058278,512,512,356.402,selection_manifest
benchmark,gsv,wealthy,359,benchmark_images/wealthy/359_2.06_us_midwest_west_davis_street_43.868952_-95.600980.jpg,43.8689521,-95.6009801,512,512,264.858,selection_manifest
benchmark,gsv,wealthy,360,benchmark_images/wealthy/360_2.10_europe_southern_calle_barrio_valleval_43.163826_-5.032284.jpg,43.1638261,-5.0322843,512,512,199.256,selection_manifest
benchmark,gsv,wealthy,361,benchmark_images/wealthy/361_2.14_us_south_central_3rd_street_36.539843_-104.542005.jpg,36.5398426,-104.5420048,512,512,85.799,selection_manifest
benchmark,gsv,wealthy,362,benchmark_images/wealthy/362_2.24_south_america_eastern_rua_vereador_oscar_fernandes_leite_-6.097813_-37.641435.jpg,-6.0978135,-37.6414355,512,512,95.445,selection_manifest
benchmark,gsv,wealthy,363,benchmark_images/wealthy/363_2.38_australia_nz_new_zealand_taumarunui_street_-38.886431_175.263866.jpg,-38.8864311,175.2638658,512,512,173.709,selection_manifest
benchmark,gsv,wealthy,364,benchmark_images/wealthy/364_2.41_us_south_central_holiday_hills_road_32.376633_-95.228720.jpg,32.3766327,-95.2287204,512,512,50.22,selection_manifest
benchmark,gsv,wealthy,365,benchmark_images/wealthy/365_2.49_australia_nz_new_zealand_charlemont_street_-45.130252_170.099771.jpg,-45.1302522,170.0997712,512,512,278.657,selection_manifest
benchmark,gsv,wealthy,366,benchmark_images/wealthy/366_2.54_europe_southern_via_duomo_37.313671_13.579296.jpg,37.3136706,13.5792964,512,512,127.459,selection_manifest
benchmark,gsv,wealthy,367,benchmark_images/wealthy/367_2.56_asia_eastern_33.533213_133.607145.jpg,33.5332127,133.6071447,512,512,56.004,selection_manifest
benchmark,gsv,wealthy,368,benchmark_images/wealthy/368_2.57_asia_eastern_42.331823_140.938685.jpg,42.3318234,140.9386847,512,512,27.281,selection_manifest
benchmark,gsv,wealthy,369,benchmark_images/wealthy/369_2.82_us_south_central_28.140061_-96.979957.jpg,28.1400609,-96.9799573,512,512,251.428,selection_manifest
benchmark,gsv,wealthy,370,benchmark_images/wealthy/370_2.83_us_southeast_33.894853_-85.226952.jpg,33.8948529,-85.2269515,512,512,65.065,selection_manifest
benchmark,gsv,wealthy,371,benchmark_images/wealthy/371_2.85_us_northeast_45.721114_-81.712789.jpg,45.7211138,-81.7127886,512,512,272.185,selection_manifest
benchmark,gsv,wealthy,372,benchmark_images/wealthy/372_2.91_europe_central_52.674885_14.889871.jpg,52.6748850,14.8898709,512,512,324.5,selection_manifest
benchmark,gsv,wealthy,373,benchmark_images/wealthy/373_2.92_us_southeast_35.538947_-75.473479.jpg,35.5389470,-75.4734790,512,512,338.134,selection_manifest
benchmark,gsv,wealthy,374,benchmark_images/wealthy/374_3.01_south_america_eastern_rua_em_dio_dias_de_camargo_-23.246910_-48.194449.jpg,-23.2469100,-48.1944494,512,512,155.091,selection_manifest
benchmark,gsv,wealthy,375,benchmark_images/wealthy/375_3.02_south_america_eastern_rua_nivaldo_rosa_campos_-11.998972_-42.631685.jpg,-11.9989719,-42.6316848,512,512,262.576,selection_manifest
benchmark,gsv,wealthy,376,benchmark_images/wealthy/376_3.09_australia_nz_australia_east_eucalypt_drive_-25.511471_152.694184.jpg,-25.5114712,152.6941838,512,512,192.857,selection_manifest
benchmark,gsv,wealthy,377,benchmark_images/wealthy/377_3.10_us_southeast_33.264631_-87.690239.jpg,33.2646308,-87.6902388,512,512,150.917,selection_manifest
benchmark,gsv,wealthy,378,benchmark_images/wealthy/378_3.53_south_america_western_-19.311253_-69.427698.jpg,-19.3112528,-69.4276982,512,512,73.411,selection_manifest
benchmark,gsv,wealthy,379,benchmark_images/wealthy/379_3.54_us_midwest_4th_avenue_west_43.881524_-96.134700.jpg,43.8815238,-96.1346997,512,512,352.558,selection_manifest
benchmark,gsv,wealthy,380,benchmark_images/wealthy/380_3.71_us_south_central_30.412225_-92.223775.jpg,30.4122253,-92.2237750,512,512,301.566,selection_manifest
benchmark,gsv,wealthy,381,benchmark_images/wealthy/381_3.76_australia_nz_new_zealand_oreil_avenue_-36.820246_174.616115.jpg,-36.8202458,174.6161154,512,512,80.273,selection_manifest
benchmark,gsv,wealthy,382,benchmark_images/wealthy/382_3.96_us_northeast_riverside_drive_46.903343_-67.396245.jpg,46.9033434,-67.3962452,512,512,106.149,selection_manifest
benchmark,gsv,wealthy,383,benchmark_images/wealthy/383_4.18_australia_nz_new_zealand_warren_kelly_street_-41.343416_173.197976.jpg,-41.3434163,173.1979760,512,512,142.021,selection_manifest
benchmark,gsv,wealthy,384,benchmark_images/wealthy/384_4.34_south_america_southern_travessa_augusto_do_n_e_silva_-28.304640_-54.261779.jpg,-28.3046402,-54.2617787,512,512,0.857,selection_manifest
benchmark,gsv,wealthy,385,benchmark_images/wealthy/385_4.49_asia_eastern_35.929905_139.760505.jpg,35.9299053,139.7605051,512,512,335.453,selection_manifest
benchmark,gsv,wealthy,386,benchmark_images/wealthy/386_4.54_us_midwest_40.883319_-95.751573.jpg,40.8833192,-95.7515729,512,512,283.067,selection_manifest
benchmark,gsv,wealthy,387,benchmark_images/wealthy/387_4.77_australia_nz_new_zealand_new_road_-38.871746_175.255037.jpg,-38.8717464,175.2550367,512,512,265.227,selection_manifest
benchmark,gsv,wealthy,388,benchmark_images/wealthy/388_4.81_us_south_central_violet_street_31.554270_-100.540019.jpg,31.5542703,-100.5400192,512,512,339.493,selection_manifest
benchmark,gsv,wealthy,389,benchmark_images/wealthy/389_4.83_asia_southeastern_22.951404_105.679512.jpg,22.9514036,105.6795124,512,512,196.461,selection_manifest
benchmark,gsv,wealthy,390,benchmark_images/wealthy/0002_0.28_mexico_city_iztapalapa_19.355013_-99.049999.jpg,19.3550130,-99.0499990,512,512,181,legacy_filename_recovery
benchmark,gsv,wealthy,391,benchmark_images/wealthy/0004_0.31_lagos_mushin_6.550436_3.355499.jpg,6.5504360,3.3554990,512,512,281,legacy_filename_recovery
benchmark,gsv,wealthy,392,benchmark_images/wealthy/0018_0.57_mexico_city_iztapalapa_19.34552_-99.072885.jpg,19.3455200,-99.0728850,512,512,29,legacy_filename_recovery
benchmark,gsv,wealthy,393,benchmark_images/wealthy/0019_0.65_houston_sprawl_29.743893_-95.341864.jpg,29.7438930,-95.3418640,512,512,7,legacy_filename_recovery
benchmark,gsv,wealthy,394,benchmark_images/wealthy/0024_0.89_sao_paulo_periphery_-23.51319_-46.611632.jpg,-23.5131900,-46.6116320,512,512,19,legacy_filename_recovery
benchmark,gsv,wealthy,395,benchmark_images/wealthy/0031_0.93_mexico_city_iztapalapa_19.350221_-99.061591.jpg,19.3502210,-99.0615910,512,512,148,legacy_filename_recovery
benchmark,gsv,wealthy,396,benchmark_images/wealthy/0139_2.40_gary_indiana_41.58726_-87.336587.jpg,41.5872600,-87.3365870,512,512,325,legacy_filename_recovery
benchmark,gsv,wealthy,397,benchmark_images/wealthy/0152_2.56_burnley_uk_53.797766_-2.244447.jpg,53.7977660,-2.2444470,512,512,109,legacy_filename_recovery
benchmark,gsv,wealthy,398,benchmark_images/wealthy/0157_2.66_sao_paulo_periphery_-23.565532_-46.630715.jpg,-23.5655320,-46.6307150,512,512,319,legacy_filename_recovery
benchmark,gsv,wealthy,399,benchmark_images/wealthy/0219_3.50_mexico_city_iztapalapa_19.377565_-99.062323.jpg,19.3775650,-99.0623230,512,512,237,legacy_filename_recovery
benchmark,gsv,boring,400,benchmark_images/boring/400_9.82_europe_central_st_margarethenplatz_46.773029_9.203379.jpg,46.7730290,9.2033792,512,512,348.613,selection_manifest
benchmark,gsv,boring,401,benchmark_images/boring/401_9.72_europe_southern_calle_bolera_43.140616_-5.054412.jpg,43.1406161,-5.0544121,512,512,245.588,selection_manifest
benchmark,gsv,boring,402,benchmark_images/boring/402_9.55_asia_western_22.079260_59.268456.jpg,22.0792600,59.2684557,512,512,261.451,selection_manifest
benchmark,gsv,boring,403,benchmark_images/boring/403_9.53_europe_western_rua_do_c_rro_38.133547_-6.978094.jpg,38.1335466,-6.9780937,512,512,133.313,selection_manifest
benchmark,gsv,boring,404,benchmark_images/boring/404_9.52_europe_central_frauenschuhstra_e_47.407984_10.289835.jpg,47.4079838,10.2898353,512,512,138.621,selection_manifest
benchmark,gsv,boring,405,benchmark_images/boring/405_9.44_asia_central_50.321967_57.340077.jpg,50.3219674,57.3400769,512,512,85.044,selection_manifest
benchmark,gsv,boring,406,benchmark_images/boring/406_9.38_south_america_southern_damasso_sanchez_-35.027591_-63.582821.jpg,-35.0275910,-63.5828210,512,512,91.81,selection_manifest
benchmark,gsv,boring,407,benchmark_images/boring/407_9.37_europe_central_via_principala_46.778591_9.154585.jpg,46.7785909,9.1545855,512,512,95.606,selection_manifest
benchmark,gsv,boring,408,benchmark_images/boring/408_9.31_asia_western_22.089180_59.259465.jpg,22.0891803,59.2594651,512,512,352.764,selection_manifest
benchmark,gsv,boring,409,benchmark_images/boring/409_9.29_europe_central_am_bahnhof_50.839970_9.572903.jpg,50.8399701,9.5729026,512,512,318.691,selection_manifest
benchmark,gsv,boring,410,benchmark_images/boring/410_9.27_europe_central_pfaffenberg_50.917639_14.073650.jpg,50.9176391,14.0736500,512,512,231.293,selection_manifest
benchmark,gsv,boring,411,benchmark_images/boring/411_9.27_us_midwest_36.510315_-82.329558.jpg,36.5103154,-82.3295578,512,512,69.34,selection_manifest
benchmark,gsv,boring,412,benchmark_images/boring/412_9.27_south_america_eastern_-6.034383_-47.930351.jpg,-6.0343826,-47.9303514,512,512,145.624,selection_manifest
benchmark,gsv,boring,413,benchmark_images/boring/413_9.26_south_america_western_-5.096752_-80.249346.jpg,-5.0967516,-80.2493456,512,512,42.863,selection_manifest
benchmark,gsv,boring,414,benchmark_images/boring/414_9.22_europe_southern_calle_santa_barbara_40.835442_-1.136233.jpg,40.8354419,-1.1362329,512,512,240.703,selection_manifest
benchmark,gsv,boring,415,benchmark_images/boring/415_9.18_asia_southern_25.871291_85.672543.jpg,25.8712905,85.6725430,512,512,184.58,selection_manifest
benchmark,gsv,boring,416,benchmark_images/boring/416_9.13_south_america_eastern_rua_das_orqu_deas_-21.555657_-47.700139.jpg,-21.5556570,-47.7001392,512,512,39.764,selection_manifest
benchmark,gsv,boring,417,benchmark_images/boring/417_9.13_europe_eastern_56.309241_38.124009.jpg,56.3092411,38.1240094,512,512,81.561,selection_manifest
benchmark,gsv,boring,418,benchmark_images/boring/418_9.10_us_midwest_44.895282_-85.061437.jpg,44.8952824,-85.0614366,512,512,167.527,selection_manifest
benchmark,gsv,boring,419,benchmark_images/boring/419_9.02_europe_central_m_llevej_54.821465_11.651559.jpg,54.8214646,11.6515591,512,512,125.213,selection_manifest
benchmark,gsv,boring,420,benchmark_images/boring/420_9.02_us_midwest_spring_avenue_37.972668_-100.828147.jpg,37.9726684,-100.8281467,512,512,359.618,selection_manifest
benchmark,gsv,boring,421,benchmark_images/boring/421_9.00_us_west_34.205539_-119.182817.jpg,34.2055394,-119.1828170,512,512,353.739,selection_manifest
benchmark,gsv,boring,422,benchmark_images/boring/422_8.96_asia_western_22.078982_59.268267.jpg,22.0789815,59.2682666,512,512,251.989,selection_manifest
benchmark,gsv,boring,423,benchmark_images/boring/423_8.96_australia_nz_new_zealand_norman_andrews_place_-41.345955_173.165960.jpg,-41.3459547,173.1659600,512,512,56.654,selection_manifest
benchmark,gsv,boring,424,benchmark_images/boring/424_8.94_europe_central_am_schelmenhag_47.408177_10.284459.jpg,47.4081775,10.2844592,512,512,182.435,selection_manifest
benchmark,gsv,boring,425,benchmark_images/boring/425_8.92_asia_eastern_35.218787_134.219978.jpg,35.2187867,134.2199781,512,512,172.058,selection_manifest
benchmark,gsv,boring,426,benchmark_images/boring/426_8.89_asia_southern_18.485002_84.170593.jpg,18.4850015,84.1705931,512,512,117.317,selection_manifest
benchmark,gsv,boring,427,benchmark_images/boring/427_8.88_europe_northern_havnegade_55.920207_11.672514.jpg,55.9202068,11.6725142,512,512,94.957,selection_manifest
benchmark,gsv,boring,428,benchmark_images/boring/428_8.87_us_northeast_riverview_circle_38.872191_-80.436821.jpg,38.8721912,-80.4368207,512,512,271.91,selection_manifest
benchmark,gsv,boring,429,benchmark_images/boring/429_8.86_south_america_western_-13.135980_-74.344554.jpg,-13.1359805,-74.3445537,512,512,254.512,selection_manifest
benchmark,gsv,boring,430,benchmark_images/boring/430_8.79_us_west_hillcrest_drive_northwest_44.943450_-123.070315.jpg,44.9434501,-123.0703150,512,512,79.499,selection_manifest
benchmark,gsv,boring,431,benchmark_images/boring/431_8.77_us_northeast_steven_street_44.749274_-81.269451.jpg,44.7492743,-81.2694513,512,512,96.204,selection_manifest
benchmark,gsv,boring,432,benchmark_images/boring/432_8.72_us_south_central_maple_lane_31.557282_-100.548182.jpg,31.5572818,-100.5481821,512,512,297.73,selection_manifest
benchmark,gsv,boring,433,benchmark_images/boring/433_8.71_south_america_southern_pasaje_3_-37.243980_-73.309921.jpg,-37.2439804,-73.3099206,512,512,89.215,selection_manifest
benchmark,gsv,boring,434,benchmark_images/boring/434_8.68_europe_northern_evjutunet_59.485744_10.007938.jpg,59.4857437,10.0079384,512,512,143.931,selection_manifest
benchmark,gsv,boring,435,benchmark_images/boring/435_8.66_australia_nz_australia_east_-30.028931_153.202506.jpg,-30.0289308,153.2025057,512,512,290.544,selection_manifest
benchmark,gsv,boring,436,benchmark_images/boring/436_8.65_us_midwest_west_red_wing_lane_41.413846_-88.273093.jpg,41.4138461,-88.2730929,512,512,13.459,selection_manifest
benchmark,gsv,boring,437,benchmark_images/boring/437_8.65_europe_central_backersvej_55.645767_12.628585.jpg,55.6457672,12.6285854,512,512,91.584,selection_manifest
benchmark,gsv,boring,438,benchmark_images/boring/438_8.63_asia_eastern_36.423477_136.630974.jpg,36.4234769,136.6309739,512,512,354.95,selection_manifest
benchmark,gsv,boring,439,benchmark_images/boring/439_8.60_asia_southeastern_-1.951678_113.682497.jpg,-1.9516784,113.6824967,512,512,9.813,selection_manifest
benchmark,gsv,boring,440,benchmark_images/boring/440_8.56_us_southeast_south_3rd_street_30.825149_-82.002727.jpg,30.8251494,-82.0027267,512,512,245.833,selection_manifest
benchmark,gsv,boring,441,benchmark_images/boring/441_8.55_asia_eastern_36.252212_133.372741.jpg,36.2522122,133.3727408,512,512,44.146,selection_manifest
benchmark,gsv,boring,442,benchmark_images/boring/442_8.51_south_america_southern_las_malvas_-32.986017_-71.234874.jpg,-32.9860169,-71.2348739,512,512,289.55,selection_manifest
benchmark,gsv,boring,443,benchmark_images/boring/443_8.43_us_south_central_lazy_lane_28.139736_-96.984959.jpg,28.1397358,-96.9849594,512,512,285.02,selection_manifest
benchmark,gsv,boring,444,benchmark_images/boring/444_8.42_south_america_southern_mariana_osorio_-32.991512_-71.174490.jpg,-32.9915119,-71.1744895,512,512,158.614,selection_manifest
benchmark,gsv,boring,445,benchmark_images/boring/445_8.42_us_west_libby_road_48.388956_-115.446149.jpg,48.3889557,-115.4461485,512,512,20.24,selection_manifest
benchmark,gsv,boring,446,benchmark_images/boring/446_8.33_asia_southeastern_23.117792_105.139627.jpg,23.1177918,105.1396266,512,512,82.77,selection_manifest
benchmark,gsv,boring,447,benchmark_images/boring/447_8.33_us_midwest_charlie_white_street_36.201994_-89.007204.jpg,36.2019941,-89.0072039,512,512,163.227,selection_manifest
benchmark,gsv,boring,448,benchmark_images/boring/448_8.26_south_america_eastern_rua_nova_alian_a_-12.707196_-38.338560.jpg,-12.7071959,-38.3385600,512,512,75.277,selection_manifest
benchmark,gsv,boring,449,benchmark_images/boring/449_8.26_south_america_northern_-10.155325_-77.438647.jpg,-10.1553254,-77.4386468,512,512,345.537,selection_manifest
benchmark,gsv,boring,450,benchmark_images/boring/450_8.25_asia_eastern_44.189936_143.079159.jpg,44.1899359,143.0791591,512,512,254.531,selection_manifest
benchmark,gsv,boring,451,benchmark_images/boring/451_8.19_us_midwest_windsor_court_40.076274_-86.463178.jpg,40.0762738,-86.4631778,512,512,271.431,selection_manifest
benchmark,gsv,boring,452,benchmark_images/boring/452_8.10_australia_nz_australia_east_doctor_buchanan_drive_-34.820509_147.199132.jpg,-34.8205093,147.1991317,512,512,310.056,selection_manifest
benchmark,gsv,boring,453,benchmark_images/boring/453_8.00_us_midwest_elm_street_43.989378_-102.129977.jpg,43.9893777,-102.1299771,512,512,3.002,selection_manifest
benchmark,gsv,boring,454,benchmark_images/boring/454_7.98_us_southeast_33.298875_-87.597983.jpg,33.2988752,-87.5979832,512,512,323.39,selection_manifest
benchmark,gsv,boring,455,benchmark_images/boring/455_7.95_asia_southern_11.960922_76.395455.jpg,11.9609220,76.3954546,512,512,271.131,selection_manifest
benchmark,gsv,boring,456,benchmark_images/boring/456_7.93_us_southeast_dover_drive_29.499668_-90.749765.jpg,29.4996683,-90.7497648,512,512,178.628,selection_manifest
benchmark,gsv,boring,457,benchmark_images/boring/457_7.92_australia_nz_australia_east_peppertree_circuit_-32.703912_151.532708.jpg,-32.7039116,151.5327081,512,512,10.625,selection_manifest
benchmark,gsv,boring,458,benchmark_images/boring/458_7.79_us_southeast_salem_church_road_34.418431_-88.290454.jpg,34.4184310,-88.2904538,512,512,128.306,selection_manifest
benchmark,gsv,boring,459,benchmark_images/boring/459_7.69_south_america_southern_camino_a_minas_-34.598038_-55.462212.jpg,-34.5980385,-55.4622119,512,512,188.269,selection_manifest
benchmark,gsv,boring,460,benchmark_images/boring/460_7.68_asia_western_22.078746_59.271337.jpg,22.0787458,59.2713374,512,512,152.669,selection_manifest
benchmark,gsv,boring,461,benchmark_images/boring/461_7.66_south_america_eastern_rua_castro_alves_-22.446643_-42.978764.jpg,-22.4466434,-42.9787641,512,512,101.363,selection_manifest
benchmark,gsv,boring,462,benchmark_images/boring/462_7.64_south_america_eastern_rua_s_o_paulo_-19.178597_-41.474215.jpg,-19.1785969,-41.4742147,512,512,184.651,selection_manifest
benchmark,gsv,boring,463,benchmark_images/boring/463_7.53_us_northeast_blackburn_road_40.326053_-80.886757.jpg,40.3260533,-80.8867566,512,512,186.407,selection_manifest
benchmark,gsv,boring,464,benchmark_images/boring/464_7.50_us_midwest_macura_street_41.415248_-88.276182.jpg,41.4152478,-88.2761815,512,512,93.663,selection_manifest
benchmark,gsv,boring,465,benchmark_images/boring/465_7.41_australia_nz_australia_south_west_tor_place_-31.943000_115.759977.jpg,-31.9430002,115.7599770,512,512,146.485,selection_manifest
benchmark,gsv,boring,466,benchmark_images/boring/466_7.40_australia_nz_new_zealand_hikurangi_street_-36.827185_174.649084.jpg,-36.8271850,174.6490844,512,512,274.67,selection_manifest
benchmark,gsv,boring,467,benchmark_images/boring/467_7.37_us_west_elliot_avenue_46.293098_-107.230173.jpg,46.2930979,-107.2301730,512,512,185.098,selection_manifest
benchmark,gsv,boring,468,benchmark_images/boring/468_7.32_australia_nz_australia_east_-27.723162_151.602410.jpg,-27.7231619,151.6024098,512,512,355.917,selection_manifest
benchmark,gsv,boring,469,benchmark_images/boring/469_7.29_europe_central_barkskeppsv_gen_55.937909_14.283349.jpg,55.9379092,14.2833485,512,512,319.385,selection_manifest
benchmark,gsv,boring,470,benchmark_images/boring/470_7.13_us_south_central_kirk_lane_32.519571_-93.697352.jpg,32.5195706,-93.6973522,512,512,336.958,selection_manifest
benchmark,gsv,boring,471,benchmark_images/boring/471_6.96_asia_eastern_42.332497_140.938308.jpg,42.3324971,140.9383082,512,512,141.393,selection_manifest
benchmark,gsv,boring,472,benchmark_images/boring/472_6.95_south_america_northern_-3.830673_-55.499224.jpg,-3.8306729,-55.4992243,512,512,58.41,selection_manifest
benchmark,gsv,boring,473,benchmark_images/boring/473_6.93_europe_western_largo_de_s_o_bento_38.129016_-6.972732.jpg,38.1290160,-6.9727316,512,512,319.37,selection_manifest
benchmark,gsv,boring,474,benchmark_images/boring/474_6.92_australia_nz_new_zealand_coach_place_-41.373089_173.103551.jpg,-41.3730890,173.1035511,512,512,348.884,selection_manifest
benchmark,gsv,boring,475,benchmark_images/boring/475_6.87_us_northeast_canaan_road_42.047499_-73.302678.jpg,42.0474995,-73.3026778,512,512,159.061,selection_manifest
benchmark,gsv,boring,476,benchmark_images/boring/476_6.84_asia_eastern_42.343366_140.950345.jpg,42.3433658,140.9503454,512,512,32.665,selection_manifest
benchmark,gsv,boring,477,benchmark_images/boring/477_6.83_asia_southeastern_0.519729_122.157227.jpg,0.5197291,122.1572271,512,512,190.79,selection_manifest
benchmark,gsv,boring,478,benchmark_images/boring/478_6.82_south_america_eastern_rua_esau_gomes_-6.096697_-37.639744.jpg,-6.0966970,-37.6397439,512,512,87.39,selection_manifest
benchmark,gsv,boring,479,benchmark_images/boring/479_6.67_us_south_central_fury_place_32.513123_-93.689612.jpg,32.5131227,-93.6896122,512,512,261.206,selection_manifest
benchmark,gsv,boring,480,benchmark_images/boring/480_6.58_us_midwest_gill_street_southwest_46.988693_-93.598557.jpg,46.9886926,-93.5985568,512,512,351.762,selection_manifest
benchmark,gsv,boring,481,benchmark_images/boring/481_6.49_us_midwest_stoner_avenue_southwest_46.989190_-93.598938.jpg,46.9891897,-93.5989380,512,512,194.795,selection_manifest
benchmark,gsv,boring,482,benchmark_images/boring/482_6.47_us_midwest_40.898316_-95.671939.jpg,40.8983163,-95.6719392,512,512,261.382,selection_manifest
benchmark,gsv,boring,483,benchmark_images/boring/483_6.22_australia_nz_australia_east_angus_street_-17.339384_145.921658.jpg,-17.3393838,145.9216583,512,512,260.581,selection_manifest
benchmark,gsv,boring,484,benchmark_images/boring/484_6.22_asia_eastern_33.528254_133.583714.jpg,33.5282537,133.5837137,512,512,285.699,selection_manifest
benchmark,gsv,boring,485,benchmark_images/boring/485_6.18_asia_southeastern_17.562780_103.891597.jpg,17.5627803,103.8915970,512,512,290.619,selection_manifest
benchmark,gsv,boring,486,benchmark_images/boring/486_6.12_europe_central_kertalja_utca_47.619747_17.637586.jpg,47.6197470,17.6375864,512,512,301.775,selection_manifest
benchmark,gsv,boring,487,benchmark_images/boring/487_6.08_asia_eastern_35.134496_134.200096.jpg,35.1344958,134.2000959,512,512,264.956,selection_manifest
benchmark,gsv,boring,488,benchmark_images/boring/488_6.08_australia_nz_australia_east_wellington_road_-38.356834_141.613091.jpg,-38.3568340,141.6130914,512,512,78.658,selection_manifest
benchmark,gsv,boring,489,benchmark_images/boring/489_5.40_south_america_southern_diario_la_capital_-32.955515_-60.623633.jpg,-32.9555155,-60.6236334,512,512,330.692,selection_manifest
benchmark,gsv,boring,490,benchmark_images/boring/0006_9.14_atlanta_suburb_33.738853_-84.455796.jpg,33.7388530,-84.4557960,512,512,139,legacy_filename_recovery
benchmark,gsv,boring,491,benchmark_images/boring/0009_9.06_gary_indiana_41.594471_-87.329742.jpg,41.5944710,-87.3297420,512,512,320,legacy_filename_recovery
benchmark,gsv,boring,492,benchmark_images/boring/0019_8.65_detroit_core_42.349352_-83.009306.jpg,42.3493520,-83.0093060,512,512,56,legacy_filename_recovery
benchmark,gsv,boring,493,benchmark_images/boring/0034_8.25_camden_nj_39.927406_-75.121345.jpg,39.9274060,-75.1213450,512,512,247,legacy_filename_recovery
benchmark,gsv,boring,494,benchmark_images/boring/0203_6.53_jakarta_north_-6.123585_106.886498.jpg,-6.1235850,106.8864980,512,512,241,legacy_filename_recovery
benchmark,gsv,boring,495,benchmark_images/boring/0211_6.50_st_louis_north_38.658691_-90.216997.jpg,38.6586910,-90.2169970,512,512,1,legacy_filename_recovery
benchmark,gsv,boring,496,benchmark_images/boring/0232_6.33_detroit_east_42.425756_-82.973148.jpg,42.4257560,-82.9731480,512,512,248,legacy_filename_recovery
benchmark,gsv,boring,497,benchmark_images/boring/0234_6.32_detroit_core_42.322905_-83.096148.jpg,42.3229050,-83.0961480,512,512,161,legacy_filename_recovery
benchmark,gsv,boring,498,benchmark_images/boring/0237_6.31_lima_periphery_-12.041663_-76.970175.jpg,-12.0416630,-76.9701750,512,512,32,legacy_filename_recovery
benchmark,gsv,boring,499,benchmark_images/boring/0246_6.23_sao_paulo_periphery_-23.537803_-46.603373.jpg,-23.5378030,-46.6033730,512,512,102,legacy_filename_recovery
benchmark,gsv,depressing,500,benchmark_images/depressing/500_9.75_south_america_eastern_rua_afonso_de_carvalho_-9.119616_-37.734496.jpg,-9.1196165,-37.7344965,512,512,245.118,selection_manifest
benchmark,gsv,depressing,501,benchmark_images/depressing/501_9.73_south_america_eastern_rua_jos_alves_dos_santos_-6.234797_-36.025077.jpg,-6.2347967,-36.0250770,512,512,57.479,selection_manifest
benchmark,gsv,depressing,502,benchmark_images/depressing/502_9.66_asia_southern_25.694972_73.072308.jpg,25.6949717,73.0723079,512,512,82.186,selection_manifest
benchmark,gsv,depressing,503,benchmark_images/depressing/503_9.59_asia_eastern_34.978267_127.588024.jpg,34.9782669,127.5880243,512,512,79.322,selection_manifest
benchmark,gsv,depressing,504,benchmark_images/depressing/504_9.57_europe_western_39.159129_-0.260537.jpg,39.1591289,-0.2605375,512,512,236.612,selection_manifest
benchmark,gsv,depressing,505,benchmark_images/depressing/505_9.56_asia_eastern_35.944226_128.312265.jpg,35.9442261,128.3122652,512,512,53.618,selection_manifest
benchmark,gsv,depressing,506,benchmark_images/depressing/506_9.55_europe_eastern_strada_salc_milor_44.199106_27.389197.jpg,44.1991058,27.3891966,512,512,244.228,selection_manifest
benchmark,gsv,depressing,507,benchmark_images/depressing/507_9.53_south_america_eastern_rua_tabeli_o_jo_o_ata_de_-6.224189_-36.023428.jpg,-6.2241889,-36.0234284,512,512,32.52,selection_manifest
benchmark,gsv,depressing,508,benchmark_images/depressing/508_9.48_europe_eastern_strada_regele_mihai_i_45.859357_27.546572.jpg,45.8593567,27.5465717,512,512,147.956,selection_manifest
benchmark,gsv,depressing,509,benchmark_images/depressing/509_9.45_europe_southern_37.360567_13.550203.jpg,37.3605674,13.5502034,512,512,149.355,selection_manifest
benchmark,gsv,depressing,510,benchmark_images/depressing/510_9.38_south_america_eastern_rua_te_filo_pereira_-9.911939_-36.354596.jpg,-9.9119388,-36.3545963,512,512,137.78,selection_manifest
benchmark,gsv,depressing,511,benchmark_images/depressing/511_9.37_south_america_eastern_rua_severino_bezerra_-6.234819_-36.030413.jpg,-6.2348192,-36.0304127,512,512,32.045,selection_manifest
benchmark,gsv,depressing,512,benchmark_images/depressing/512_9.19_south_america_eastern_rua_deputado_freire_-12.088677_-46.478530.jpg,-12.0886766,-46.4785304,512,512,285.216,selection_manifest
benchmark,gsv,depressing,513,benchmark_images/depressing/513_9.15_europe_western_carrer_d_olost_42.007001_2.026498.jpg,42.0070010,2.0264977,512,512,187.229,selection_manifest
benchmark,gsv,depressing,514,benchmark_images/depressing/514_9.05_asia_eastern_34.977713_127.580489.jpg,34.9777128,127.5804888,512,512,296.564,selection_manifest
benchmark,gsv,depressing,515,benchmark_images/depressing/515_9.00_europe_southern_40.966437_-1.161410.jpg,40.9664365,-1.1614098,512,512,63.158,selection_manifest
benchmark,gsv,depressing,516,benchmark_images/depressing/516_8.94_europe_western_carrer_de_la_roqueta_41.932597_2.058778.jpg,41.9325967,2.0587777,512,512,21.571,selection_manifest
benchmark,gsv,depressing,517,benchmark_images/depressing/517_8.93_south_america_eastern_-19.002418_-40.388437.jpg,-19.0024182,-40.3884371,512,512,204.636,selection_manifest
benchmark,gsv,depressing,518,benchmark_images/depressing/518_8.91_europe_western_calle_malague_as_37.129321_-4.865295.jpg,37.1293211,-4.8652947,512,512,176.972,selection_manifest
benchmark,gsv,depressing,519,benchmark_images/depressing/519_8.90_us_south_central_south_2nd_street_32.294598_-101.304727.jpg,32.2945977,-101.3047270,512,512,170.949,selection_manifest
benchmark,gsv,depressing,520,benchmark_images/depressing/520_8.90_asia_eastern_43.108532_133.127446.jpg,43.1085321,133.1274457,512,512,122.249,selection_manifest
benchmark,gsv,depressing,521,benchmark_images/depressing/521_8.88_south_america_eastern_rua_aureliano_martins_de_andrade_-21.694377_-45.260438.jpg,-21.6943769,-45.2604383,512,512,191.879,selection_manifest
benchmark,gsv,depressing,522,benchmark_images/depressing/522_8.87_asia_southeastern_10.196592_123.747547.jpg,10.1965918,123.7475468,512,512,223.764,selection_manifest
benchmark,gsv,depressing,523,benchmark_images/depressing/523_8.84_asia_southern_24.364167_71.515966.jpg,24.3641670,71.5159659,512,512,104.509,selection_manifest
benchmark,gsv,depressing,524,benchmark_images/depressing/524_8.82_us_west_calle_arce_31.789241_-116.561980.jpg,31.7892413,-116.5619801,512,512,296.362,selection_manifest
benchmark,gsv,depressing,525,benchmark_images/depressing/525_8.82_australia_nz_new_zealand_-46.345496_168.345715.jpg,-46.3454957,168.3457153,512,512,353.882,selection_manifest
benchmark,gsv,depressing,526,benchmark_images/depressing/526_8.81_europe_southern_calle_mayor_40.909084_-1.070263.jpg,40.9090838,-1.0702632,512,512,202.787,selection_manifest
benchmark,gsv,depressing,527,benchmark_images/depressing/527_8.81_asia_southern_25.863071_85.769950.jpg,25.8630713,85.7699498,512,512,95.8,selection_manifest
benchmark,gsv,depressing,528,benchmark_images/depressing/528_8.79_asia_southern_24.655966_77.297771.jpg,24.6559659,77.2977714,512,512,19.177,selection_manifest
benchmark,gsv,depressing,529,benchmark_images/depressing/529_8.78_south_america_eastern_rua_novo_horizonte_-5.154242_-35.512384.jpg,-5.1542424,-35.5123838,512,512,226.349,selection_manifest
benchmark,gsv,depressing,530,benchmark_images/depressing/530_8.77_south_america_eastern_-13.014909_-42.417730.jpg,-13.0149092,-42.4177302,512,512,241.166,selection_manifest
benchmark,gsv,depressing,531,benchmark_images/depressing/531_8.76_south_america_eastern_avenida_ngelo_grossi_-21.674828_-45.273265.jpg,-21.6748278,-45.2732651,512,512,356.543,selection_manifest
benchmark,gsv,depressing,532,benchmark_images/depressing/532_8.76_us_south_central_28.146064_-96.984970.jpg,28.1460642,-96.9849703,512,512,342.753,selection_manifest
benchmark,gsv,depressing,533,benchmark_images/depressing/533_8.68_asia_eastern_43.081161_142.827532.jpg,43.0811609,142.8275316,512,512,203.839,selection_manifest
benchmark,gsv,depressing,534,benchmark_images/depressing/534_8.67_asia_southern_17.497373_75.861228.jpg,17.4973726,75.8612282,512,512,262.803,selection_manifest
benchmark,gsv,depressing,535,benchmark_images/depressing/535_8.62_europe_eastern_strada_13_septembrie_45.847116_27.432304.jpg,45.8471163,27.4323039,512,512,219.722,selection_manifest
benchmark,gsv,depressing,536,benchmark_images/depressing/536_8.60_south_america_eastern_avenida_sebasti_o_c_ndido_rios_-16.764494_-49.436909.jpg,-16.7644937,-49.4369093,512,512,162.803,selection_manifest
benchmark,gsv,depressing,537,benchmark_images/depressing/537_8.57_us_south_central_south_14th_street_35.436221_-94.344615.jpg,35.4362211,-94.3446154,512,512,83.92,selection_manifest
benchmark,gsv,depressing,538,benchmark_images/depressing/538_8.56_europe_western_pla_a_d_andr_s_piles_39.162451_-0.248971.jpg,39.1624510,-0.2489711,512,512,24.033,selection_manifest
benchmark,gsv,depressing,539,benchmark_images/depressing/539_8.52_us_midwest_46.130514_-98.092761.jpg,46.1305136,-98.0927611,512,512,352.849,selection_manifest
benchmark,gsv,depressing,540,benchmark_images/depressing/540_8.47_asia_southern_25.788878_73.115153.jpg,25.7888785,73.1151528,512,512,352.962,selection_manifest
benchmark,gsv,depressing,541,benchmark_images/depressing/541_8.39_asia_southern_25.700614_73.021429.jpg,25.7006142,73.0214288,512,512,264.574,selection_manifest
benchmark,gsv,depressing,542,benchmark_images/depressing/542_8.39_australia_nz_australia_east_henty_street_-38.346176_141.599165.jpg,-38.3461757,141.5991648,512,512,11.618,selection_manifest
benchmark,gsv,depressing,543,benchmark_images/depressing/543_8.35_asia_southern_24.186971_78.215285.jpg,24.1869715,78.2152852,512,512,71.776,selection_manifest
benchmark,gsv,depressing,544,benchmark_images/depressing/544_8.33_australia_nz_australia_east_morehead_street_-24.831259_143.061673.jpg,-24.8312585,143.0616727,512,512,287.091,selection_manifest
benchmark,gsv,depressing,545,benchmark_images/depressing/545_8.31_australia_nz_australia_east_-22.379920_143.042962.jpg,-22.3799202,143.0429623,512,512,299.151,selection_manifest
benchmark,gsv,depressing,546,benchmark_images/depressing/546_8.21_europe_western_calle_caballeros_39.146122_-4.155590.jpg,39.1461216,-4.1555904,512,512,346.924,selection_manifest
benchmark,gsv,depressing,547,benchmark_images/depressing/547_8.07_us_midwest_industrial_avenue_48.593823_-93.403905.jpg,48.5938231,-93.4039054,512,512,300.875,selection_manifest
benchmark,gsv,depressing,548,benchmark_images/depressing/548_8.03_asia_southern_21.590857_74.625927.jpg,21.5908575,74.6259270,512,512,269.82,selection_manifest
benchmark,gsv,depressing,549,benchmark_images/depressing/549_8.02_us_west_32.028490_-112.317058.jpg,32.0284901,-112.3170578,512,512,284.999,selection_manifest
benchmark,gsv,depressing,550,benchmark_images/depressing/550_8.01_us_south_central_30.174284_-91.325166.jpg,30.1742843,-91.3251657,512,512,183.268,selection_manifest
benchmark,gsv,depressing,551,benchmark_images/depressing/551_7.98_europe_central_44.135726_22.846798.jpg,44.1357259,22.8467983,512,512,16.12,selection_manifest
benchmark,gsv,depressing,552,benchmark_images/depressing/552_7.93_us_south_central_28.781656_-95.594088.jpg,28.7816560,-95.5940879,512,512,311.164,selection_manifest
benchmark,gsv,depressing,553,benchmark_images/depressing/553_7.88_australia_nz_australia_east_cook_street_-32.260302_150.895826.jpg,-32.2603025,150.8958262,512,512,187.961,selection_manifest
benchmark,gsv,depressing,554,benchmark_images/depressing/554_7.85_us_west_twin_buttes_avenue_35.058234_-117.945931.jpg,35.0582343,-117.9459309,512,512,276.752,selection_manifest
benchmark,gsv,depressing,555,benchmark_images/depressing/555_7.82_us_midwest_frontage_road_north_45.553666_-94.245188.jpg,45.5536655,-94.2451879,512,512,261.963,selection_manifest
benchmark,gsv,depressing,556,benchmark_images/depressing/556_7.81_asia_eastern_42.339062_140.945793.jpg,42.3390619,140.9457926,512,512,127.242,selection_manifest
benchmark,gsv,depressing,557,benchmark_images/depressing/557_7.74_us_midwest_41.930373_-93.610377.jpg,41.9303734,-93.6103772,512,512,176.749,selection_manifest
benchmark,gsv,depressing,558,benchmark_images/depressing/558_7.66_us_south_central_south_daigle_street_30.406408_-92.214120.jpg,30.4064085,-92.2141196,512,512,324.749,selection_manifest
benchmark,gsv,depressing,559,benchmark_images/depressing/559_7.62_europe_central_lombardigade_55.654197_12.613428.jpg,55.6541966,12.6134281,512,512,338.198,selection_manifest
benchmark,gsv,depressing,560,benchmark_images/depressing/560_7.45_asia_western_manolya_sokak_41.626228_34.466677.jpg,41.6262283,34.4666774,512,512,344.224,selection_manifest
benchmark,gsv,depressing,561,benchmark_images/depressing/561_7.43_us_south_central_jose_street_west_26.109697_-97.944360.jpg,26.1096971,-97.9443598,512,512,276.775,selection_manifest
benchmark,gsv,depressing,562,benchmark_images/depressing/562_7.33_south_america_southern_rua_toledo_-24.648185_-54.125562.jpg,-24.6481851,-54.1255619,512,512,86.156,selection_manifest
benchmark,gsv,depressing,563,benchmark_images/depressing/563_7.32_us_midwest_43.989415_-102.130658.jpg,43.9894155,-102.1306577,512,512,275.32,selection_manifest
benchmark,gsv,depressing,564,benchmark_images/depressing/564_7.31_europe_western_carrer_d_orist_42.005748_2.026919.jpg,42.0057479,2.0269190,512,512,355.336,selection_manifest
benchmark,gsv,depressing,565,benchmark_images/depressing/565_7.30_us_south_central_dolphin_way_road_28.773100_-95.632006.jpg,28.7731004,-95.6320065,512,512,98.676,selection_manifest
benchmark,gsv,depressing,566,benchmark_images/depressing/566_7.20_europe_southern_via_michele_caruso_lanza_37.306253_13.585532.jpg,37.3062535,13.5855315,512,512,99.688,selection_manifest
benchmark,gsv,depressing,567,benchmark_images/depressing/567_7.18_australia_nz_australia_east_champion_court_-38.364306_141.621273.jpg,-38.3643061,141.6212735,512,512,157.919,selection_manifest
benchmark,gsv,depressing,568,benchmark_images/depressing/568_7.16_us_northeast_mount_washington_auto_road_44.289054_-71.226944.jpg,44.2890544,-71.2269437,512,512,123.398,selection_manifest
benchmark,gsv,depressing,569,benchmark_images/depressing/569_7.13_us_south_central_tahoma_place_30.413514_-97.755528.jpg,30.4135143,-97.7555276,512,512,139.898,selection_manifest
benchmark,gsv,depressing,570,benchmark_images/depressing/570_7.10_south_america_eastern_avenida_brasil_-16.687992_-49.355827.jpg,-16.6879921,-49.3558267,512,512,168.29,selection_manifest
benchmark,gsv,depressing,571,benchmark_images/depressing/571_6.98_australia_nz_australia_east_dorothy_court_-25.570634_152.697625.jpg,-25.5706335,152.6976246,512,512,100.156,selection_manifest
benchmark,gsv,depressing,572,benchmark_images/depressing/572_6.98_us_northeast_milbourne_drive_39.244053_-75.048418.jpg,39.2440527,-75.0484180,512,512,73.212,selection_manifest
benchmark,gsv,depressing,573,benchmark_images/depressing/573_6.75_south_america_eastern_beco_do_lixo_-5.135791_-45.559087.jpg,-5.1357914,-45.5590871,512,512,301.921,selection_manifest
benchmark,gsv,depressing,574,benchmark_images/depressing/574_6.74_us_midwest_42.001979_-93.457635.jpg,42.0019786,-93.4576349,512,512,353.607,selection_manifest
benchmark,gsv,depressing,575,benchmark_images/depressing/575_6.68_us_midwest_evelyn_way_40.054200_-86.486496.jpg,40.0541999,-86.4864963,512,512,103.392,selection_manifest
benchmark,gsv,depressing,576,benchmark_images/depressing/576_6.61_us_northeast_10th_street_39.987936_-80.734172.jpg,39.9879364,-80.7341720,512,512,4.997,selection_manifest
benchmark,gsv,depressing,577,benchmark_images/depressing/577_6.57_us_southeast_taxi_road_29.577715_-90.663315.jpg,29.5777149,-90.6633150,512,512,23.291,selection_manifest
benchmark,gsv,depressing,578,benchmark_images/depressing/578_6.54_us_midwest_11th_street_45.787145_-97.755884.jpg,45.7871445,-97.7558839,512,512,197.722,selection_manifest
benchmark,gsv,depressing,579,benchmark_images/depressing/579_6.50_asia_southern_12.560258_79.641044.jpg,12.5602576,79.6410441,512,512,19.289,selection_manifest
benchmark,gsv,depressing,580,benchmark_images/depressing/580_6.22_us_southeast_shady_lane_35.964456_-76.285673.jpg,35.9644556,-76.2856732,512,512,336.592,selection_manifest
benchmark,gsv,depressing,581,benchmark_images/depressing/581_6.18_europe_western_rua_lu_s_de_cam_es_38.130168_-6.978402.jpg,38.1301682,-6.9784016,512,512,313.228,selection_manifest
benchmark,gsv,depressing,582,benchmark_images/depressing/582_6.13_europe_western_traves_a_la_solana_42.473686_-6.553665.jpg,42.4736856,-6.5536655,512,512,250.074,selection_manifest
benchmark,gsv,depressing,583,benchmark_images/depressing/583_6.02_australia_nz_new_zealand_melia_place_-41.334219_173.193339.jpg,-41.3342195,173.1933389,512,512,333.756,selection_manifest
benchmark,gsv,depressing,584,benchmark_images/depressing/584_5.92_us_midwest_olsen_street_44.884264_-84.306839.jpg,44.8842637,-84.3068387,512,512,283.817,selection_manifest
benchmark,gsv,depressing,585,benchmark_images/depressing/585_5.88_south_america_southern_avenida_bazileu_mattos_de_azeredo_-31.731042_-53.585582.jpg,-31.7310416,-53.5855822,512,512,119.284,selection_manifest
benchmark,gsv,depressing,586,benchmark_images/depressing/586_5.71_asia_eastern_35.607932_134.803420.jpg,35.6079317,134.8034200,512,512,107.109,selection_manifest
benchmark,gsv,depressing,587,benchmark_images/depressing/587_5.68_south_america_southern_los_tilos_-37.250816_-73.308619.jpg,-37.2508157,-73.3086194,512,512,8.069,selection_manifest
benchmark,gsv,depressing,588,benchmark_images/depressing/588_5.65_asia_eastern_37.295095_138.983750.jpg,37.2950949,138.9837502,512,512,306.017,selection_manifest
benchmark,gsv,depressing,589,benchmark_images/depressing/589_5.58_us_south_central_31.559178_-91.427984.jpg,31.5591777,-91.4279841,512,512,41.358,selection_manifest
benchmark,gsv,depressing,590,benchmark_images/depressing/590_5.51_asia_southern_17.842933_78.966837.jpg,17.8429334,78.9668366,512,512,337.152,selection_manifest
benchmark,gsv,depressing,591,benchmark_images/depressing/0002_9.49_mexico_city_iztapalapa_19.35211_-99.081831.jpg,19.3521100,-99.0818310,512,512,140,legacy_filename_recovery
benchmark,gsv,depressing,592,benchmark_images/depressing/0007_9.32_lima_periphery_-12.047837_-76.969444.jpg,-12.0478370,-76.9694440,512,512,294,legacy_filename_recovery
benchmark,gsv,depressing,593,benchmark_images/depressing/0011_9.07_phoenix_sprawl_33.507486_-111.965869.jpg,33.5074860,-111.9658690,512,512,146,legacy_filename_recovery
benchmark,gsv,depressing,594,benchmark_images/depressing/0016_8.79_burnley_uk_53.799214_-2.242715.jpg,53.7992140,-2.2427150,512,512,14,legacy_filename_recovery
benchmark,gsv,depressing,595,benchmark_images/depressing/0017_8.79_lima_periphery_-12.047072_-76.961821.jpg,-12.0470720,-76.9618210,512,512,270,legacy_filename_recovery
benchmark,gsv,depressing,596,benchmark_images/depressing/0128_7.17_novosibirsk_55.013419_82.940995.jpg,55.0134190,82.9409950,512,512,52,legacy_filename_recovery
benchmark,gsv,depressing,597,benchmark_images/depressing/0130_7.16_manila_tondo_14.59923_120.977975.jpg,14.5992300,120.9779750,512,512,352,legacy_filename_recovery
benchmark,gsv,depressing,598,benchmark_images/depressing/0136_7.06_mexico_city_ecatepec_19.625622_-99.054393.jpg,19.6256220,-99.0543930,512,512,343,legacy_filename_recovery
benchmark,gsv,depressing,599,benchmark_images/depressing/0137_7.05_sao_paulo_periphery_-23.500002_-46.684505.jpg,-23.5000020,-46.6845050,512,512,151,legacy_filename_recovery
benchmark,satellite,greenery,000,benchmark_images/greenery/000_replaceable-0.246_green-0.544_us_southeast_forced-reference_27.792121_-82.371895.png,27.792121,-82.371895,1024,1024,,not_applicable
benchmark,satellite,greenery,001,benchmark_images/greenery/001_replaceable-0.158_green-0.473_us_southeast_forced-reference_28.194400_-82.497669.png,28.194400,-82.497669,1024,1024,,not_applicable
benchmark,satellite,greenery,002,benchmark_images/greenery/002_replaceable-0.732_green-0.048_us_northeast_41.168007_-73.123093.png,41.168007,-73.123093,1024,1024,,not_applicable
benchmark,satellite,greenery,003,benchmark_images/greenery/003_replaceable-0.341_green-0.365_us_southeast_37.299975_-78.390599.png,37.299975,-78.390599,1024,1024,,not_applicable
benchmark,satellite,greenery,004,benchmark_images/greenery/004_replaceable-0.671_green-0.074_us_west_33.989067_-117.610516.png,33.989067,-117.610516,1024,1024,,not_applicable
benchmark,satellite,greenery,005,benchmark_images/greenery/005_replaceable-0.340_green-0.412_us_northeast_38.887611_-76.973360.png,38.887611,-76.973360,1024,1024,,not_applicable
benchmark,satellite,greenery,006,benchmark_images/greenery/006_replaceable-0.652_green-0.164_us_west_36.155075_-115.908894.png,36.155075,-115.908894,1024,1024,,not_applicable
benchmark,satellite,greenery,007,benchmark_images/greenery/007_replaceable-0.334_green-0.337_us_south_central_35.047051_-97.936875.png,35.047051,-97.936875,1024,1024,,not_applicable
benchmark,satellite,greenery,008,benchmark_images/greenery/008_replaceable-0.348_green-0.399_us_west_34.566400_-111.856207.png,34.566400,-111.856207,1024,1024,,not_applicable
benchmark,satellite,greenery,009,benchmark_images/greenery/009_replaceable-0.345_green-0.205_us_west_33.896797_-117.872296.png,33.896797,-117.872296,1024,1024,,not_applicable
benchmark,satellite,greenery,010,benchmark_images/greenery/010_replaceable-0.322_green-0.403_us_midwest_37.840519_-94.349512.png,37.840519,-94.349512,1024,1024,,not_applicable
benchmark,satellite,greenery,011,benchmark_images/greenery/011_replaceable-0.344_green-0.147_us_west_33.554393_-111.900881.png,33.554393,-111.900881,1024,1024,,not_applicable
benchmark,satellite,greenery,012,benchmark_images/greenery/012_replaceable-0.343_green-0.188_us_southeast_33.527688_-86.807359.png,33.527688,-86.807359,1024,1024,,not_applicable
benchmark,satellite,greenery,013,benchmark_images/greenery/013_replaceable-0.340_green-0.390_us_southeast_34.698599_-92.345552.png,34.698599,-92.345552,1024,1024,,not_applicable
benchmark,satellite,greenery,014,benchmark_images/greenery/014_replaceable-0.335_green-0.266_us_west_33.524430_-112.082413.png,33.524430,-112.082413,1024,1024,,not_applicable
benchmark,satellite,greenery,015,benchmark_images/greenery/015_replaceable-0.333_green-0.235_us_west_33.481344_-112.404012.png,33.481344,-112.404012,1024,1024,,not_applicable
benchmark,satellite,greenery,016,benchmark_images/greenery/016_replaceable-0.284_green-0.229_us_west_46.184509_-119.173322.png,46.184509,-119.173322,1024,1024,,not_applicable
benchmark,satellite,greenery,017,benchmark_images/greenery/017_replaceable-0.333_green-0.421_us_southeast_34.741004_-92.390921.png,34.741004,-92.390921,1024,1024,,not_applicable
benchmark,satellite,greenery,018,benchmark_images/greenery/018_replaceable-0.330_green-0.308_us_northeast_41.757621_-72.720437.png,41.757621,-72.720437,1024,1024,,not_applicable
benchmark,satellite,greenery,019,benchmark_images/greenery/019_replaceable-0.330_green-0.237_us_west_34.032647_-118.316972.png,34.032647,-118.316972,1024,1024,,not_applicable
benchmark,satellite,greenery,020,benchmark_images/greenery/020_replaceable-0.328_green-0.174_us_northeast_39.267512_-74.593218.png,39.267512,-74.593218,1024,1024,,not_applicable
benchmark,satellite,greenery,021,benchmark_images/greenery/021_replaceable-0.326_green-0.280_us_northeast_42.115062_-80.092204.png,42.115062,-80.092204,1024,1024,,not_applicable
benchmark,satellite,greenery,022,benchmark_images/greenery/022_replaceable-0.472_green-0.281_us_southeast_35.067294_-92.441119.png,35.067294,-92.441119,1024,1024,,not_applicable
benchmark,satellite,greenery,023,benchmark_images/greenery/023_replaceable-0.469_green-0.158_us_midwest_43.867823_-91.201409.png,43.867823,-91.201409,1024,1024,,not_applicable
benchmark,satellite,greenery,024,benchmark_images/greenery/024_replaceable-0.325_green-0.400_us_southeast_25.691665_-80.402020.png,25.691665,-80.402020,1024,1024,,not_applicable
benchmark,satellite,greenery,025,benchmark_images/greenery/025_replaceable-0.325_green-0.379_us_west_34.157490_-118.799112.png,34.157490,-118.799112,1024,1024,,not_applicable
benchmark,satellite,greenery,026,benchmark_images/greenery/026_replaceable-0.453_green-0.083_us_northeast_38.919942_-76.990572.png,38.919942,-76.990572,1024,1024,,not_applicable
benchmark,satellite,greenery,027,benchmark_images/greenery/027_replaceable-0.442_green-0.119_us_midwest_38.733593_-82.998667.png,38.733593,-82.998667,1024,1024,,not_applicable
benchmark,satellite,greenery,028,benchmark_images/greenery/028_replaceable-0.323_green-0.245_us_northeast_41.233673_-80.504816.png,41.233673,-80.504816,1024,1024,,not_applicable
benchmark,satellite,greenery,029,benchmark_images/greenery/029_replaceable-0.322_green-0.384_us_southeast_36.224865_-94.135059.png,36.224865,-94.135059,1024,1024,,not_applicable
benchmark,satellite,greenery,030,benchmark_images/greenery/030_replaceable-0.413_green-0.352_europe_western_41.552124_-0.208143.jpg,41.552124,-0.208143,1024,1024,,not_applicable
benchmark,satellite,greenery,031,benchmark_images/greenery/031_replaceable-0.335_green-0.199_europe_western_44.564011_6.497829.jpg,44.564011,6.497829,1024,1024,,not_applicable
benchmark,satellite,greenery,032,benchmark_images/greenery/032_replaceable-0.521_green-0.145_europe_southern_37.865514_-0.785174.jpg,37.865514,-0.785174,1024,1024,,not_applicable
benchmark,satellite,greenery,033,benchmark_images/greenery/033_replaceable-0.329_green-0.310_europe_southern_40.844675_16.029377.jpg,40.844675,16.029377,1024,1024,,not_applicable
benchmark,satellite,greenery,034,benchmark_images/greenery/034_replaceable-0.234_green-0.431_europe_western_52.621791_-8.650067.jpg,52.621791,-8.650067,1024,1024,,not_applicable
benchmark,satellite,greenery,035,benchmark_images/greenery/035_replaceable-0.209_green-0.407_europe_western_52.952956_6.352462.jpg,52.952956,6.352462,1024,1024,,not_applicable
benchmark,satellite,greenery,036,benchmark_images/greenery/036_replaceable-0.198_green-0.296_europe_central_45.599670_8.751775.jpg,45.599670,8.751775,1024,1024,,not_applicable
benchmark,satellite,greenery,037,benchmark_images/greenery/037_replaceable-0.186_green-0.531_europe_southern_37.280669_-7.000442.jpg,37.280669,-7.000442,1024,1024,,not_applicable
benchmark,satellite,greenery,038,benchmark_images/greenery/038_replaceable-0.425_green-0.181_europe_southern_37.211173_-7.051414.jpg,37.211173,-7.051414,1024,1024,,not_applicable
benchmark,satellite,greenery,039,benchmark_images/greenery/039_replaceable-0.177_green-0.508_europe_western_44.524782_6.405986.jpg,44.524782,6.405986,1024,1024,,not_applicable
benchmark,satellite,greenery,040,benchmark_images/greenery/040_replaceable-0.157_green-0.537_europe_central_45.537781_8.811074.jpg,45.537781,8.811074,1024,1024,,not_applicable
benchmark,satellite,greenery,041,benchmark_images/greenery/041_replaceable-0.371_green-0.293_us_west_fallback-for-europe_33.649044_-111.899726.png,33.649044,-111.899726,1024,1024,,not_applicable
benchmark,satellite,greenery,042,benchmark_images/greenery/042_replaceable-0.451_green-0.227_us_west_fallback-for-europe_34.128390_-117.542820.png,34.128390,-117.542820,1024,1024,,not_applicable
benchmark,satellite,greenery,043,benchmark_images/greenery/043_replaceable-0.364_green-0.417_us_west_fallback-for-europe_33.924083_-117.489309.png,33.924083,-117.489309,1024,1024,,not_applicable
benchmark,satellite,greenery,044,benchmark_images/greenery/044_replaceable-0.362_green-0.215_us_west_fallback-for-europe_32.247332_-110.959686.png,32.247332,-110.959686,1024,1024,,not_applicable
benchmark,satellite,greenery,045,benchmark_images/greenery/045_replaceable-0.359_green-0.313_us_northeast_fallback-for-europe_41.082157_-73.428627.png,41.082157,-73.428627,1024,1024,,not_applicable
benchmark,satellite,greenery,046,benchmark_images/greenery/046_replaceable-0.220_green-0.283_europe_northern_63.474100_10.947527.jpg,63.474100,10.947527,1024,1024,,not_applicable
benchmark,satellite,greenery,047,benchmark_images/greenery/047_replaceable-0.357_green-0.218_us_west_fallback-for-europe_33.349084_-111.919105.png,33.349084,-111.919105,1024,1024,,not_applicable
benchmark,satellite,greenery,048,benchmark_images/greenery/048_replaceable-0.213_green-0.527_europe_central_48.433463_14.780111.jpg,48.433463,14.780111,1024,1024,,not_applicable
benchmark,satellite,greenery,049,benchmark_images/greenery/049_replaceable-0.210_green-0.461_europe_central_49.299355_17.382734.jpg,49.299355,17.382734,1024,1024,,not_applicable
benchmark,satellite,greenery,050,benchmark_images/greenery/050_replaceable-0.268_green-0.369_us_northeast_fallback-for-south_america_38.568053_-76.064577.png,38.568053,-76.064577,1024,1024,,not_applicable
benchmark,satellite,greenery,051,benchmark_images/greenery/051_replaceable-0.320_green-0.219_us_west_39.546455_-104.801172.png,39.546455,-104.801172,1024,1024,,not_applicable
benchmark,satellite,greenery,052,benchmark_images/greenery/052_replaceable-0.413_green-0.385_us_south_central_fallback-for-south_america_33.418002_-104.536576.png,33.418002,-104.536576,1024,1024,,not_applicable
benchmark,satellite,greenery,053,benchmark_images/greenery/053_replaceable-0.252_green-0.482_us_southeast_fallback-for-south_america_35.166859_-79.403868.png,35.166859,-79.403868,1024,1024,,not_applicable
benchmark,satellite,greenery,054,benchmark_images/greenery/054_replaceable-0.320_green-0.261_us_west_39.719290_-104.847260.png,39.719290,-104.847260,1024,1024,,not_applicable
benchmark,satellite,greenery,055,benchmark_images/greenery/055_replaceable-0.245_green-0.450_us_southeast_fallback-for-south_america_34.723830_-92.267423.png,34.723830,-92.267423,1024,1024,,not_applicable
benchmark,satellite,greenery,056,benchmark_images/greenery/056_replaceable-0.320_green-0.139_us_northeast_39.738276_-75.564956.png,39.738276,-75.564956,1024,1024,,not_applicable
benchmark,satellite,greenery,057,benchmark_images/greenery/057_replaceable-0.319_green-0.276_us_west_33.647961_-111.994555.png,33.647961,-111.994555,1024,1024,,not_applicable
benchmark,satellite,greenery,058,benchmark_images/greenery/058_replaceable-0.352_green-0.297_us_southeast_fallback-for-south_america_33.601585_-85.834547.png,33.601585,-85.834547,1024,1024,,not_applicable
benchmark,satellite,greenery,059,benchmark_images/greenery/059_replaceable-0.243_green-0.459_us_southeast_fallback-for-south_america_34.706546_-81.189273.png,34.706546,-81.189273,1024,1024,,not_applicable
benchmark,satellite,greenery,060,benchmark_images/greenery/060_replaceable-0.466_green-0.128_us_west_34.034029_-117.617790.png,34.034029,-117.617790,1024,1024,,not_applicable
benchmark,satellite,greenery,061,benchmark_images/greenery/061_replaceable-0.227_green-0.527_us_northeast_fallback-for-south_america_40.905847_-80.022760.png,40.905847,-80.022760,1024,1024,,not_applicable
benchmark,satellite,greenery,062,benchmark_images/greenery/062_replaceable-0.315_green-0.162_us_west_33.880465_-118.054706.png,33.880465,-118.054706,1024,1024,,not_applicable
benchmark,satellite,greenery,063,benchmark_images/greenery/063_replaceable-0.216_green-0.453_us_southeast_fallback-for-south_america_35.278888_-81.543215.png,35.278888,-81.543215,1024,1024,,not_applicable
benchmark,satellite,greenery,064,benchmark_images/greenery/064_replaceable-0.198_green-0.508_us_southeast_fallback-for-south_america_36.756256_-86.217581.png,36.756256,-86.217581,1024,1024,,not_applicable
benchmark,satellite,greenery,065,benchmark_images/greenery/065_replaceable-0.198_green-0.430_us_southeast_fallback-for-south_america_37.139626_-80.559341.png,37.139626,-80.559341,1024,1024,,not_applicable
benchmark,satellite,greenery,066,benchmark_images/greenery/066_replaceable-0.346_green-0.357_us_southeast_fallback-for-south_america_35.664504_-88.828831.png,35.664504,-88.828831,1024,1024,,not_applicable
benchmark,satellite,greenery,067,benchmark_images/greenery/067_replaceable-0.188_green-0.635_us_southeast_fallback-for-south_america_33.520689_-86.915455.png,33.520689,-86.915455,1024,1024,,not_applicable
benchmark,satellite,greenery,068,benchmark_images/greenery/068_replaceable-0.267_green-0.390_asia_eastern_33.219947_129.642071.jpg,33.219947,129.642071,1024,1024,,not_applicable
benchmark,satellite,greenery,069,benchmark_images/greenery/069_replaceable-0.317_green-0.382_asia_eastern_33.222494_129.642403.jpg,33.222494,129.642403,1024,1024,,not_applicable
benchmark,satellite,greenery,070,benchmark_images/greenery/070_replaceable-0.183_green-0.303_us_northeast_fallback-for-asia_38.452082_-75.061598.png,38.452082,-75.061598,1024,1024,,not_applicable
benchmark,satellite,greenery,071,benchmark_images/greenery/071_replaceable-0.181_green-0.532_us_southeast_fallback-for-asia_38.119461_-82.619462.png,38.119461,-82.619462,1024,1024,,not_applicable
benchmark,satellite,greenery,072,benchmark_images/greenery/072_replaceable-0.492_green-0.129_us_west_fallback-for-asia_33.676854_-112.364407.png,33.676854,-112.364407,1024,1024,,not_applicable
benchmark,satellite,greenery,073,benchmark_images/greenery/073_replaceable-0.495_green-0.251_us_northeast_fallback-for-asia_38.926331_-77.011535.png,38.926331,-77.011535,1024,1024,,not_applicable
benchmark,satellite,greenery,074,benchmark_images/greenery/074_replaceable-0.474_green-0.099_us_west_fallback-for-asia_37.086392_-113.584363.png,37.086392,-113.584363,1024,1024,,not_applicable
benchmark,satellite,greenery,075,benchmark_images/greenery/075_replaceable-0.467_green-0.110_us_west_fallback-for-asia_33.473173_-112.126729.png,33.473173,-112.126729,1024,1024,,not_applicable
benchmark,satellite,greenery,076,benchmark_images/greenery/076_replaceable-0.466_green-0.102_us_west_fallback-for-asia_32.915255_-117.152263.png,32.915255,-117.152263,1024,1024,,not_applicable
benchmark,satellite,greenery,077,benchmark_images/greenery/077_replaceable-0.451_green-0.172_us_west_fallback-for-asia_38.950911_-104.794591.png,38.950911,-104.794591,1024,1024,,not_applicable
benchmark,satellite,greenery,078,benchmark_images/greenery/078_replaceable-0.437_green-0.157_us_west_fallback-for-asia_39.696643_-104.930012.png,39.696643,-104.930012,1024,1024,,not_applicable
benchmark,satellite,greenery,079,benchmark_images/greenery/079_replaceable-0.424_green-0.146_us_west_fallback-for-asia_33.596424_-112.108487.png,33.596424,-112.108487,1024,1024,,not_applicable
benchmark,satellite,greenery,080,benchmark_images/greenery/080_replaceable-0.418_green-0.209_us_west_fallback-for-asia_34.100722_-118.077217.png,34.100722,-118.077217,1024,1024,,not_applicable
benchmark,satellite,greenery,081,benchmark_images/greenery/081_replaceable-0.415_green-0.141_us_west_fallback-for-asia_33.430856_-111.947877.png,33.430856,-111.947877,1024,1024,,not_applicable
benchmark,satellite,greenery,082,benchmark_images/greenery/082_replaceable-0.411_green-0.260_us_southeast_fallback-for-asia_27.904544_-82.762520.png,27.904544,-82.762520,1024,1024,,not_applicable
benchmark,satellite,greenery,083,benchmark_images/greenery/083_replaceable-0.406_green-0.181_us_west_fallback-for-asia_33.426805_-111.701805.png,33.426805,-111.701805,1024,1024,,not_applicable
benchmark,satellite,greenery,084,benchmark_images/greenery/084_replaceable-0.405_green-0.105_us_west_fallback-for-asia_39.769279_-105.009895.png,39.769279,-105.009895,1024,1024,,not_applicable
benchmark,satellite,greenery,085,benchmark_images/greenery/085_replaceable-0.398_green-0.297_us_west_fallback-for-asia_39.969176_-105.090118.png,39.969176,-105.090118,1024,1024,,not_applicable
benchmark,satellite,greenery,086,benchmark_images/greenery/086_replaceable-0.398_green-0.173_us_west_fallback-for-asia_33.518034_-112.099861.png,33.518034,-112.099861,1024,1024,,not_applicable
benchmark,satellite,greenery,087,benchmark_images/greenery/087_replaceable-0.395_green-0.133_us_west_fallback-for-asia_33.319803_-111.962633.png,33.319803,-111.962633,1024,1024,,not_applicable
benchmark,satellite,greenery,088,benchmark_images/greenery/088_replaceable-0.391_green-0.203_us_west_fallback-for-asia_33.613295_-112.403178.png,33.613295,-112.403178,1024,1024,,not_applicable
benchmark,satellite,greenery,089,benchmark_images/greenery/089_replaceable-0.388_green-0.132_us_west_fallback-for-asia_33.805286_-118.256431.png,33.805286,-118.256431,1024,1024,,not_applicable
benchmark,satellite,greenery,090,benchmark_images/greenery/090_replaceable-0.313_green-0.341_us_west_39.761671_-104.890388.png,39.761671,-104.890388,1024,1024,,not_applicable
benchmark,satellite,greenery,091,benchmark_images/greenery/091_replaceable-0.313_green-0.298_us_west_34.132618_-117.620449.png,34.132618,-117.620449,1024,1024,,not_applicable
benchmark,satellite,greenery,092,benchmark_images/greenery/092_replaceable-0.384_green-0.207_us_west_fallback-for-australia_nz_39.765583_-104.930128.png,39.765583,-104.930128,1024,1024,,not_applicable
benchmark,satellite,greenery,093,benchmark_images/greenery/093_replaceable-0.313_green-0.310_us_west_33.456423_-111.787684.png,33.456423,-111.787684,1024,1024,,not_applicable
benchmark,satellite,greenery,094,benchmark_images/greenery/094_replaceable-0.262_green-0.387_australia_nz_new_zealand_-45.415516_167.717961.jpg,-45.415516,167.717961,1024,1024,,not_applicable
benchmark,satellite,greenery,095,benchmark_images/greenery/095_replaceable-0.256_green-0.329_australia_nz_new_zealand_-43.487480_172.616519.jpg,-43.487480,172.616519,1024,1024,,not_applicable
benchmark,satellite,greenery,096,benchmark_images/greenery/096_replaceable-0.383_green-0.185_us_west_fallback-for-australia_nz_42.880520_-112.463254.png,42.880520,-112.463254,1024,1024,,not_applicable
benchmark,satellite,greenery,097,benchmark_images/greenery/097_replaceable-0.377_green-0.260_us_southeast_fallback-for-australia_nz_34.764521_-92.456321.png,34.764521,-92.456321,1024,1024,,not_applicable
benchmark,satellite,greenery,098,benchmark_images/greenery/098_replaceable-0.175_green-0.384_australia_nz_new_zealand_-43.521777_172.632688.jpg,-43.521777,172.632688,1024,1024,,not_applicable
benchmark,satellite,greenery,099,benchmark_images/greenery/099_replaceable-0.306_green-0.312_us_west_38.971657_-104.750631.png,38.971657,-104.750631,1024,1024,,not_applicable
benchmark,satellite,road_risk,000,benchmark_images/road_risk/000_risk-0.691_us_southeast_forced-reference_34.598272_-92.553066.png,34.598272,-92.553066,1024,1024,,not_applicable
benchmark,satellite,road_risk,001,benchmark_images/road_risk/001_risk-0.907_us_west_forced-reference_32.173818_-110.944237.png,32.173818,-110.944237,1024,1024,,not_applicable
benchmark,satellite,road_risk,002,benchmark_images/road_risk/002_risk-0.997_us_west_34.177352_-118.316817.png,34.177352,-118.316817,1024,1024,,not_applicable
benchmark,satellite,road_risk,003,benchmark_images/road_risk/003_risk-0.996_us_northeast_41.141084_-73.258148.png,41.141084,-73.258148,1024,1024,,not_applicable
benchmark,satellite,road_risk,004,benchmark_images/road_risk/004_risk-0.832_us_west_38.691471_-120.993628.png,38.691471,-120.993628,1024,1024,,not_applicable
benchmark,satellite,road_risk,005,benchmark_images/road_risk/005_risk-0.992_us_west_39.775476_-104.987602.png,39.775476,-104.987602,1024,1024,,not_applicable
benchmark,satellite,road_risk,006,benchmark_images/road_risk/006_risk-0.991_us_southeast_25.654827_-80.339360.png,25.654827,-80.339360,1024,1024,,not_applicable
benchmark,satellite,road_risk,007,benchmark_images/road_risk/007_risk-0.967_us_southeast_26.128489_-80.324592.png,26.128489,-80.324592,1024,1024,,not_applicable
benchmark,satellite,road_risk,008,benchmark_images/road_risk/008_risk-0.988_us_northeast_41.199019_-73.234086.png,41.199019,-73.234086,1024,1024,,not_applicable
benchmark,satellite,road_risk,009,benchmark_images/road_risk/009_risk-0.988_us_west_34.050102_-118.376137.png,34.050102,-118.376137,1024,1024,,not_applicable
benchmark,satellite,road_risk,010,benchmark_images/road_risk/010_risk-0.759_us_northeast_39.664197_-75.565060.png,39.664197,-75.565060,1024,1024,,not_applicable
benchmark,satellite,road_risk,011,benchmark_images/road_risk/011_risk-0.983_us_southeast_33.506763_-86.796811.png,33.506763,-86.796811,1024,1024,,not_applicable
benchmark,satellite,road_risk,012,benchmark_images/road_risk/012_risk-0.983_us_southeast_25.714634_-80.342816.png,25.714634,-80.342816,1024,1024,,not_applicable
benchmark,satellite,road_risk,013,benchmark_images/road_risk/013_risk-0.748_us_northeast_39.559971_-75.667153.png,39.559971,-75.667153,1024,1024,,not_applicable
benchmark,satellite,road_risk,014,benchmark_images/road_risk/014_risk-0.982_us_southeast_37.665846_-82.771514.png,37.665846,-82.771514,1024,1024,,not_applicable
benchmark,satellite,road_risk,015,benchmark_images/road_risk/015_risk-0.981_us_west_33.308995_-111.911951.png,33.308995,-111.911951,1024,1024,,not_applicable
benchmark,satellite,road_risk,016,benchmark_images/road_risk/016_risk-0.981_us_west_33.569618_-117.636380.png,33.569618,-117.636380,1024,1024,,not_applicable
benchmark,satellite,road_risk,017,benchmark_images/road_risk/017_risk-0.946_us_southeast_33.513670_-86.732475.png,33.513670,-86.732475,1024,1024,,not_applicable
benchmark,satellite,road_risk,018,benchmark_images/road_risk/018_risk-0.978_us_southeast_25.882671_-80.360426.png,25.882671,-80.360426,1024,1024,,not_applicable
benchmark,satellite,road_risk,019,benchmark_images/road_risk/019_risk-0.976_us_northeast_39.660814_-77.174130.png,39.660814,-77.174130,1024,1024,,not_applicable
benchmark,satellite,road_risk,020,benchmark_images/road_risk/020_risk-0.894_us_southeast_38.245773_-76.963647.png,38.245773,-76.963647,1024,1024,,not_applicable
benchmark,satellite,road_risk,021,benchmark_images/road_risk/021_risk-0.974_us_northeast_39.724849_-75.607723.png,39.724849,-75.607723,1024,1024,,not_applicable
benchmark,satellite,road_risk,022,benchmark_images/road_risk/022_risk-0.973_us_southeast_34.741353_-92.289163.png,34.741353,-92.289163,1024,1024,,not_applicable
benchmark,satellite,road_risk,023,benchmark_images/road_risk/023_risk-0.973_us_northeast_41.201909_-73.078797.png,41.201909,-73.078797,1024,1024,,not_applicable
benchmark,satellite,road_risk,024,benchmark_images/road_risk/024_risk-0.856_us_southeast_27.916976_-82.330986.png,27.916976,-82.330986,1024,1024,,not_applicable
benchmark,satellite,road_risk,025,benchmark_images/road_risk/025_risk-0.939_us_south_central_35.127613_-101.877028.png,35.127613,-101.877028,1024,1024,,not_applicable
benchmark,satellite,road_risk,026,benchmark_images/road_risk/026_risk-0.917_us_south_central_33.934044_-96.426883.png,33.934044,-96.426883,1024,1024,,not_applicable
benchmark,satellite,road_risk,027,benchmark_images/road_risk/027_risk-0.875_us_south_central_35.756198_-95.402451.png,35.756198,-95.402451,1024,1024,,not_applicable
benchmark,satellite,road_risk,028,benchmark_images/road_risk/028_risk-0.867_us_south_central_33.511735_-101.965683.png,33.511735,-101.965683,1024,1024,,not_applicable
benchmark,satellite,road_risk,029,benchmark_images/road_risk/029_risk-0.920_us_southeast_25.826745_-80.297702.png,25.826745,-80.297702,1024,1024,,not_applicable
benchmark,satellite,road_risk,030,benchmark_images/road_risk/030_risk-0.717_europe_northern_56.208568_15.269537.jpg,56.208568,15.269537,1024,1024,,not_applicable
benchmark,satellite,road_risk,031,benchmark_images/road_risk/031_risk-0.585_europe_southern_43.383867_22.884306.jpg,43.383867,22.884306,1024,1024,,not_applicable
benchmark,satellite,road_risk,032,benchmark_images/road_risk/032_risk-0.901_europe_central_49.251655_17.210978.jpg,49.251655,17.210978,1024,1024,,not_applicable
benchmark,satellite,road_risk,033,benchmark_images/road_risk/033_risk-0.964_europe_western_41.618040_-0.241799.jpg,41.618040,-0.241799,1024,1024,,not_applicable
benchmark,satellite,road_risk,034,benchmark_images/road_risk/034_risk-0.961_europe_western_40.873599_0.150632.jpg,40.873599,0.150632,1024,1024,,not_applicable
benchmark,satellite,road_risk,035,benchmark_images/road_risk/035_risk-0.961_europe_western_44.546899_6.480844.jpg,44.546899,6.480844,1024,1024,,not_applicable
benchmark,satellite,road_risk,036,benchmark_images/road_risk/036_risk-0.957_europe_southern_37.214481_-7.054341.jpg,37.214481,-7.054341,1024,1024,,not_applicable
benchmark,satellite,road_risk,037,benchmark_images/road_risk/037_risk-0.954_europe_western_53.057401_6.207203.jpg,53.057401,6.207203,1024,1024,,not_applicable
benchmark,satellite,road_risk,038,benchmark_images/road_risk/038_risk-0.828_europe_central_45.543678_8.886495.jpg,45.543678,8.886495,1024,1024,,not_applicable
benchmark,satellite,road_risk,039,benchmark_images/road_risk/039_risk-0.612_europe_central_44.804295_13.915765.jpg,44.804295,13.915765,1024,1024,,not_applicable
benchmark,satellite,road_risk,040,benchmark_images/road_risk/040_risk-0.943_europe_southern_37.802487_-0.825384.jpg,37.802487,-0.825384,1024,1024,,not_applicable
benchmark,satellite,road_risk,041,benchmark_images/road_risk/041_risk-0.850_europe_southern_43.049955_-4.082728.jpg,43.049955,-4.082728,1024,1024,,not_applicable
benchmark,satellite,road_risk,042,benchmark_images/road_risk/042_risk-0.939_europe_southern_37.801311_-0.803639.jpg,37.801311,-0.803639,1024,1024,,not_applicable
benchmark,satellite,road_risk,043,benchmark_images/road_risk/043_risk-0.825_europe_southern_40.860788_16.015995.jpg,40.860788,16.015995,1024,1024,,not_applicable
benchmark,satellite,road_risk,044,benchmark_images/road_risk/044_risk-0.935_europe_central_54.050599_21.757354.jpg,54.050599,21.757354,1024,1024,,not_applicable
benchmark,satellite,road_risk,045,benchmark_images/road_risk/045_risk-0.967_us_southeast_fallback-for-europe_34.780302_-92.247028.png,34.780302,-92.247028,1024,1024,,not_applicable
benchmark,satellite,road_risk,046,benchmark_images/road_risk/046_risk-0.924_europe_central_49.292980_17.384751.jpg,49.292980,17.384751,1024,1024,,not_applicable
benchmark,satellite,road_risk,047,benchmark_images/road_risk/047_risk-0.855_us_northeast_fallback-for-europe_38.885566_-76.948778.png,38.885566,-76.948778,1024,1024,,not_applicable
benchmark,satellite,road_risk,048,benchmark_images/road_risk/048_risk-0.877_us_northeast_fallback-for-europe_41.721905_-72.681305.png,41.721905,-72.681305,1024,1024,,not_applicable
benchmark,satellite,road_risk,049,benchmark_images/road_risk/049_risk-0.896_us_northeast_fallback-for-europe_38.942217_-77.090614.png,38.942217,-77.090614,1024,1024,,not_applicable
benchmark,satellite,road_risk,050,benchmark_images/road_risk/050_risk-0.809_south_america_eastern_-7.102492_-40.031202.jpg,-7.102492,-40.031202,1024,1024,,not_applicable
benchmark,satellite,road_risk,051,benchmark_images/road_risk/051_risk-0.525_south_america_eastern_-7.091219_-40.026846.jpg,-7.091219,-40.026846,1024,1024,,not_applicable
benchmark,satellite,road_risk,052,benchmark_images/road_risk/052_risk-0.939_us_west_fallback-for-south_america_37.772957_-122.157877.png,37.772957,-122.157877,1024,1024,,not_applicable
benchmark,satellite,road_risk,053,benchmark_images/road_risk/053_risk-0.663_us_northeast_fallback-for-south_america_38.843277_-77.007750.png,38.843277,-77.007750,1024,1024,,not_applicable
benchmark,satellite,road_risk,054,benchmark_images/road_risk/054_risk-0.836_us_northeast_fallback-for-south_america_41.759464_-72.654007.png,41.759464,-72.654007,1024,1024,,not_applicable
benchmark,satellite,road_risk,055,benchmark_images/road_risk/055_risk-0.967_us_northeast_fallback-for-south_america_41.827449_-72.665903.png,41.827449,-72.665903,1024,1024,,not_applicable
benchmark,satellite,road_risk,056,benchmark_images/road_risk/056_risk-0.750_us_northeast_fallback-for-south_america_38.879888_-77.037970.png,38.879888,-77.037970,1024,1024,,not_applicable
benchmark,satellite,road_risk,057,benchmark_images/road_risk/057_risk-0.894_us_southeast_fallback-for-south_america_25.822688_-80.385948.png,25.822688,-80.385948,1024,1024,,not_applicable
benchmark,satellite,road_risk,058,benchmark_images/road_risk/058_risk-0.819_us_northeast_fallback-for-south_america_39.767560_-75.707392.png,39.767560,-75.707392,1024,1024,,not_applicable
benchmark,satellite,road_risk,059,benchmark_images/road_risk/059_risk-0.726_us_midwest_fallback-for-south_america_44.324777_-94.482400.png,44.324777,-94.482400,1024,1024,,not_applicable
benchmark,satellite,road_risk,060,benchmark_images/road_risk/060_risk-0.885_us_southeast_fallback-for-south_america_26.155240_-80.268062.png,26.155240,-80.268062,1024,1024,,not_applicable
benchmark,satellite,road_risk,061,benchmark_images/road_risk/061_risk-0.964_us_southeast_fallback-for-south_america_25.869390_-80.203975.png,25.869390,-80.203975,1024,1024,,not_applicable
benchmark,satellite,road_risk,062,benchmark_images/road_risk/062_risk-0.718_us_southeast_fallback-for-south_america_34.730438_-92.341808.png,34.730438,-92.341808,1024,1024,,not_applicable
benchmark,satellite,road_risk,063,benchmark_images/road_risk/063_risk-0.944_us_southeast_fallback-for-south_america_28.794701_-81.297939.png,28.794701,-81.297939,1024,1024,,not_applicable
benchmark,satellite,road_risk,064,benchmark_images/road_risk/064_risk-0.532_us_south_central_fallback-for-south_america_35.188308_-101.894035.png,35.188308,-101.894035,1024,1024,,not_applicable
benchmark,satellite,road_risk,065,benchmark_images/road_risk/065_risk-0.965_us_northeast_fallback-for-south_america_39.647889_-75.635212.png,39.647889,-75.635212,1024,1024,,not_applicable
benchmark,satellite,road_risk,066,benchmark_images/road_risk/066_risk-0.869_us_west_fallback-for-south_america_37.370379_-122.065817.png,37.370379,-122.065817,1024,1024,,not_applicable
benchmark,satellite,road_risk,067,benchmark_images/road_risk/067_risk-0.960_us_southeast_fallback-for-south_america_34.797260_-92.407653.png,34.797260,-92.407653,1024,1024,,not_applicable
benchmark,satellite,road_risk,068,benchmark_images/road_risk/068_risk-0.605_asia_southern_25.473501_78.560092.jpg,25.473501,78.560092,1024,1024,,not_applicable
benchmark,satellite,road_risk,069,benchmark_images/road_risk/069_risk-0.715_asia_eastern_36.831632_136.979161.jpg,36.831632,136.979161,1024,1024,,not_applicable
benchmark,satellite,road_risk,070,benchmark_images/road_risk/070_risk-0.827_asia_eastern_44.549192_135.561672.jpg,44.549192,135.561672,1024,1024,,not_applicable
benchmark,satellite,road_risk,071,benchmark_images/road_risk/071_risk-0.796_asia_eastern_33.240006_129.654372.jpg,33.240006,129.654372,1024,1024,,not_applicable
benchmark,satellite,road_risk,072,benchmark_images/road_risk/072_risk-0.698_asia_western_35.535831_44.824333.jpg,35.535831,44.824333,1024,1024,,not_applicable
benchmark,satellite,road_risk,073,benchmark_images/road_risk/073_risk-0.875_us_northeast_fallback-for-asia_38.948240_-77.065876.png,38.948240,-77.065876,1024,1024,,not_applicable
benchmark,satellite,road_risk,074,benchmark_images/road_risk/074_risk-0.670_us_northeast_fallback-for-asia_41.815869_-72.695019.png,41.815869,-72.695019,1024,1024,,not_applicable
benchmark,satellite,road_risk,075,benchmark_images/road_risk/075_risk-0.939_us_northeast_fallback-for-asia_41.793953_-72.623910.png,41.793953,-72.623910,1024,1024,,not_applicable
benchmark,satellite,road_risk,076,benchmark_images/road_risk/076_risk-0.904_us_northeast_fallback-for-asia_39.783412_-75.482422.png,39.783412,-75.482422,1024,1024,,not_applicable
benchmark,satellite,road_risk,077,benchmark_images/road_risk/077_risk-0.924_us_southeast_fallback-for-asia_33.375194_-86.852285.png,33.375194,-86.852285,1024,1024,,not_applicable
benchmark,satellite,road_risk,078,benchmark_images/road_risk/078_risk-0.827_us_northeast_fallback-for-asia_39.807738_-75.514308.png,39.807738,-75.514308,1024,1024,,not_applicable
benchmark,satellite,road_risk,079,benchmark_images/road_risk/079_risk-0.890_asia_western_35.537789_44.828632.jpg,35.537789,44.828632,1024,1024,,not_applicable
benchmark,satellite,road_risk,080,benchmark_images/road_risk/080_risk-0.955_us_southeast_fallback-for-asia_34.844399_-92.406563.png,34.844399,-92.406563,1024,1024,,not_applicable
benchmark,satellite,road_risk,081,benchmark_images/road_risk/081_risk-0.887_us_northeast_fallback-for-asia_41.127777_-73.332730.png,41.127777,-73.332730,1024,1024,,not_applicable
benchmark,satellite,road_risk,082,benchmark_images/road_risk/082_risk-0.633_us_southeast_fallback-for-asia_28.321637_-81.416199.png,28.321637,-81.416199,1024,1024,,not_applicable
benchmark,satellite,road_risk,083,benchmark_images/road_risk/083_risk-0.890_us_southeast_fallback-for-asia_28.050585_-82.667656.png,28.050585,-82.667656,1024,1024,,not_applicable
benchmark,satellite,road_risk,084,benchmark_images/road_risk/084_risk-0.874_us_northeast_fallback-for-asia_38.955452_-77.033424.png,38.955452,-77.033424,1024,1024,,not_applicable
benchmark,satellite,road_risk,085,benchmark_images/road_risk/085_risk-0.513_us_northeast_fallback-for-asia_39.446982_-75.669827.png,39.446982,-75.669827,1024,1024,,not_applicable
benchmark,satellite,road_risk,086,benchmark_images/road_risk/086_risk-0.899_us_northeast_fallback-for-asia_38.896217_-76.933250.png,38.896217,-76.933250,1024,1024,,not_applicable
benchmark,satellite,road_risk,087,benchmark_images/road_risk/087_risk-0.671_us_southeast_fallback-for-asia_35.190177_-90.184338.png,35.190177,-90.184338,1024,1024,,not_applicable
benchmark,satellite,road_risk,088,benchmark_images/road_risk/088_risk-0.901_us_northeast_fallback-for-asia_39.662404_-75.645367.png,39.662404,-75.645367,1024,1024,,not_applicable
benchmark,satellite,road_risk,089,benchmark_images/road_risk/089_risk-0.825_us_southeast_fallback-for-asia_32.383506_-86.272366.png,32.383506,-86.272366,1024,1024,,not_applicable
benchmark,satellite,road_risk,090,benchmark_images/road_risk/090_risk-0.748_australia_nz_australia_east_-24.770408_152.415092.jpg,-24.770408,152.415092,1024,1024,,not_applicable
benchmark,satellite,road_risk,091,benchmark_images/road_risk/091_risk-0.930_australia_nz_new_zealand_-43.540266_172.644684.jpg,-43.540266,172.644684,1024,1024,,not_applicable
benchmark,satellite,road_risk,092,benchmark_images/road_risk/092_risk-0.925_australia_nz_new_zealand_-43.489862_172.616335.jpg,-43.489862,172.616335,1024,1024,,not_applicable
benchmark,satellite,road_risk,093,benchmark_images/road_risk/093_risk-0.922_australia_nz_new_zealand_-45.410479_167.720127.jpg,-45.410479,167.720127,1024,1024,,not_applicable
benchmark,satellite,road_risk,094,benchmark_images/road_risk/094_risk-0.913_australia_nz_australia_east_-24.842656_152.422200.jpg,-24.842656,152.422200,1024,1024,,not_applicable
benchmark,satellite,road_risk,095,benchmark_images/road_risk/095_risk-0.569_australia_nz_australia_east_-24.864808_152.364766.jpg,-24.864808,152.364766,1024,1024,,not_applicable
benchmark,satellite,road_risk,096,benchmark_images/road_risk/096_risk-0.745_australia_nz_new_zealand_-45.405221_167.716047.jpg,-45.405221,167.716047,1024,1024,,not_applicable
benchmark,satellite,road_risk,097,benchmark_images/road_risk/097_risk-0.862_us_southeast_fallback-for-australia_nz_25.926633_-80.234760.png,25.926633,-80.234760,1024,1024,,not_applicable
benchmark,satellite,road_risk,098,benchmark_images/road_risk/098_risk-0.848_australia_nz_new_zealand_-43.481407_172.624900.jpg,-43.481407,172.624900,1024,1024,,not_applicable
benchmark,satellite,road_risk,099,benchmark_images/road_risk/099_risk-0.788_australia_nz_new_zealand_-43.476559_172.622499.jpg,-43.476559,172.622499,1024,1024,,not_applicable
